constituency_no,division,constituency_name,poverty_rate,literacy_rate,winner_candidate,winner_party,winner_votes,runner_candidate,runner_party,runner_votes,margin,total_voters,male_voters,female_voters,transgender_voters,status,top2_votes,winner_share_top2,margin_pct_top2,male_pct,female_pct,transgender_pct,gender_gap,competitiveness,cluster
1,Rangpur,Panchagarh-1,33.2,46.0,Muhammad Nawshad Zamir,BNP,176169.0,Sarjis Alam,NCP,168049.0,8120.0,463700,231976,231723,1,Normal,344218.0,51.17948509374873,2.358970187497458,50.02717274099633,49.972611602329096,0.000215656674574,0.054561138667232,Very Close,1.0
2,Rangpur,Panchagarh-2,33.2,46.0,Farhad Hossain Azad,BNP,174650.0,Md. Shafiul Alam,Jamaat,128862.0,45788.0,417529,209708,207818,3,Normal,303512.0,57.54302960014761,15.08605920029521,50.225972327670654,49.77330915936378,0.0007185129655664,0.45266316830687,Moderate,1.0
3,Rangpur,Thakurgaon-1,23.3,46.0,Mirza Fakhrul Islam Alamgir,BNP,238836.0,Delawar Hossain,Jamaat,141017.0,97819.0,511629,255053,256572,4,Normal,379853.0,62.87590199366597,25.75180398733194,49.851161681609135,50.14805650187929,0.0007818165115738,-0.296894820270154,Moderate,1.0
4,Rangpur,Thakurgaon-2,23.3,46.0,Farhad Hossain Azad,BNP,121017.0,Md. Abdul Hakim,Jamaat,115707.0,5310.0,340049,175232,164816,1,Normal,236724.0,51.12155928422973,2.243118568459472,51.531396945734286,48.468308979000085,0.0002940752656234,3.063087966734201,Very Close,1.0
5,Rangpur,Thakurgaon-3,23.3,46.0,Jahidur Rahman,BNP,132797.0,Md. Mizanur Rahman,Jamaat,91934.0,40863.0,401735,202869,198864,2,Normal,224731.0,59.091536103163335,18.183072206326678,50.49821399678893,49.50128816259475,0.0004978406163266,0.9969258341941868,Moderate,1.0
6,Rangpur,Dinajpur-1,25.7,46.0,Md. Manjurul Islam,BNP,179314.0,Md. Matiur Rahman,Jamaat,117481.0,61833.0,417133,208919,208212,2,Normal,296795.0,60.41678599706868,20.83357199413737,50.08450542153222,49.9150151150832,0.0004794633845799,0.1694903064490205,Moderate,1.0
7,Rangpur,Dinajpur-2,25.7,46.0,Md. Sadiq Riaz,BNP,144317.0,A. K. M. Afzalul Anam,Jamaat,101831.0,42486.0,371478,187112,184366,0,Normal,246148.0,58.63017371662577,17.260347433251543,50.369604660302905,49.6303953396971,0.0,0.7392093206058021,Moderate,1.0
8,Rangpur,Dinajpur-3,25.7,46.0,Syed Jahangir Alam,BNP,139207.0,Md. Mainul Alam,Jamaat,134618.0,4589.0,415636,205486,210148,2,Normal,273825.0,50.837943942298914,1.6758878845978271,49.438932142547806,50.56058666717994,0.0004811902722574,-1.1216545246321346,Very Close,1.0
9,Rangpur,Dinajpur-4,25.7,46.0,Md. Akhtaruzzaman Mia,BNP,165577.0,Md. Aftab Uddin Mollah,Jamaat,127666.0,37911.0,421278,211304,209972,2,Normal,293243.0,56.46409291952408,12.928185839048162,50.15785300917683,49.841672244930905,0.0004747458922611,0.316180764245928,Close,1.0
10,Rangpur,Dinajpur-5,25.7,46.0,A. Z. M. Rezwanul Haque,IND,113650.0,Md. Abdul Ahad,NCP,108948.0,4702.0,477516,238583,238930,3,Normal,222598.0,51.05616402663097,2.112328053261934,49.96335201333568,50.036019735464365,0.0006282511999597,-0.0726677221286848,Very Close,1.0
11,Rangpur,Dinajpur-6,25.7,46.0,A. Z. M. Zahid Hossain,BNP,203887.0,Md. Anwarul Islam,Jamaat,188719.0,15168.0,557692,278086,279593,13,Normal,392606.0,51.93170761526823,3.863415230536467,49.86372406274431,50.13394490148684,0.0023310357688473,-0.2702208387425244,Very Close,1.0
12,Rangpur,Nilphamari-1,22.2,46.0,Md. Abdus Sattar,Jamaat,149224.0,Md. Manjurul Islam,JUIB,118160.0,31064.0,460271,232483,227786,2,Normal,267384.0,55.80887412859408,11.617748257188165,50.510025615344,49.48953985804015,0.0004345266158415,1.0204857573038453,Close,1.0
13,Rangpur,Nilphamari-2,22.2,46.0,Alfaruk Abdul Latif,Jamaat,145202.0,Shahrin Islam Tuhin,BNP,134579.0,10623.0,385785,193034,192749,2,Normal,279781.0,51.89844914415204,3.7968982883040665,50.03667846080071,49.96280311572508,0.0005184234742149,0.0738753450756277,Very Close,1.0
14,Rangpur,Nilphamari-3,22.2,46.0,Obaidullah Salafi,Jamaat,108560.0,Syed Ali,BNP,89102.0,19458.0,294446,149878,144567,1,Normal,197662.0,54.92203863160344,9.844077263206888,50.901693349544566,49.09796702960815,0.000339620847286,1.803726319936416,Close,1.0
15,Rangpur,Nilphamari-4,22.2,46.0,Abdul Montakim,Jamaat,124865.0,Md. Abdul Gafur Sarkar,BNP,81526.0,43339.0,451814,226728,225081,5,Normal,206391.0,60.49924657567433,20.99849315134865,50.18171194341035,49.817181406507984,0.0011066500816707,0.3645305369023646,Moderate,1.0
16,Rangpur,Lalmonirhat-1,20.0,46.0,Hasan Rajib Pradhan,BNP,138686.0,Md. Anwarul Islam Raju,Jamaat,129572.0,9114.0,403561,202707,200852,2,Normal,268258.0,51.69873778228422,3.397475564568438,50.22958115377849,49.76992325819393,0.0004955880275844,0.4596578955845629,Very Close,1.0
17,Rangpur,Lalmonirhat-2,20.0,46.0,Md. Rokun Uddin Babul,BNP,123946.0,Md. Feroz Haider,Jamaat,66904.0,57042.0,432964,217200,215761,3,Normal,190850.0,64.94419701336128,29.88839402672256,50.16583364898698,49.8334734527582,0.0006928982548202,0.3323601962287839,Moderate,2.0
18,Rangpur,Lalmonirhat-3,20.0,46.0,Asadul Habib Dulu,BNP,139657.0,Md. Abu Taher,Jamaat,56244.0,83413.0,307970,154167,153801,2,Normal,195901.0,71.28957994088852,42.57915988177702,50.0590966652596,49.94025392083645,0.0006494139039516,0.118842744423155,Large,2.0
19,Rangpur,Rangpur-1,21.8,46.0,Raihan Siraji,Jamaat,145088.0,Md. Mokarram Hossain Sujan,BNP,69407.0,75681.0,375227,188829,186394,4,Normal,214495.0,67.64166996899694,35.283339937993894,50.32393724332205,49.67499673530956,0.0010660213683983,0.6489405080124939,Large,2.0
20,Rangpur,Rangpur-2,21.8,46.0,ATM Azharul Islam,Jamaat,43076.0,Muhammad Ali Sarkar,BNP,22100.0,20976.0,380921,192287,188625,9,Normal,65176.0,66.09181293727752,32.18362587455505,50.47949574846228,49.51814155691075,0.0023626946269698,0.9613541915515283,Large,2.0
21,Rangpur,Rangpur-3,21.8,46.0,Mahbubur Rahman Belal,Jamaat,175827.0,Md. Samsuzzaman Samu,BNP,84578.0,91249.0,508223,252369,255849,5,Normal,260405.0,67.52059292256293,35.04118584512586,49.657138696989314,50.34187748291596,0.0009838200947221,-0.6847387859266476,Large,2.0
22,Rangpur,Rangpur-4,21.8,46.0,Akhter Hossen,NCP,147947.0,Mohammad Emdadul Haque Bharsa,BNP,139616.0,8331.0,509905,250787,259113,5,Normal,287563.0,51.44855214335641,2.8971042867128247,49.183083123326895,50.81593630186016,0.0009805748129553,-1.63285317853326,Very Close,1.0
23,Rangpur,Rangpur-5,21.8,46.0,Md. Golam Rabbani,Jamaat,175208.0,Md. Golam Rabbani,BNP,114141.0,61067.0,469189,232462,236723,4,Normal,289349.0,60.5524816052587,21.104963210517404,49.54549232825152,50.453655136842514,0.000852534905976,-0.908162808590994,Moderate,1.0
24,Rangpur,Rangpur-6,21.8,46.0,Md. Nurul Amin,Jamaat,118890.0,Md. Saiful Islam,BNP,116919.0,1971.0,318131,157935,160192,4,Normal,235809.0,50.41792298003893,0.8358459600778596,49.64464324444962,50.3540994118775,0.0012573436728894,-0.7094561674278808,Very Close,1.0
25,Rangpur,Kurigram-1,31.3,46.0,Md. Anwarul Islam,Jamaat,141090.0,Saifur Rahman Rana,BNP,123025.0,18065.0,563978,281424,282551,3,Normal,264115.0,53.41991178085304,6.839823561706075,49.89981878725766,50.09964927709946,0.0005319356428796,-0.1998304898418013,Close,1.0
26,Rangpur,Kurigram-2,31.3,46.0,Atiqur Rahman Mojahid,NCP,178869.0,Md. Sohail Hosnain Kaikobad,BNP,170335.0,8534.0,604738,299890,304841,7,Normal,349204.0,51.22192185656522,2.443843713130434,49.59007041065718,50.40877206327367,0.0011575260691406,-0.8187016526164967,Very Close,1.0
27,Rangpur,Kurigram-3,31.3,46.0,Md. Mahbubul Alam,Jamaat,107930.0,Tasvir Ul Islam,BNP,79352.0,28578.0,368470,183064,185406,0,Normal,187282.0,57.6296707638748,15.259341527749598,49.68219936494152,50.31780063505848,0.0,-0.6356012701169647,Moderate,1.0
28,Rangpur,Kurigram-4,31.3,46.0,Md. Mostafizur Rahman,Jamaat,108210.0,Md. Azizur Rahman,BNP,84423.0,23787.0,362753,181361,181388,4,Normal,192633.0,56.174175764277145,12.348351528554298,49.99572712010652,50.00317020121129,0.0011026786821887,-0.0074430811047676,Close,1.0
29,Rangpur,Gaibandha-1,24.6,46.0,Md. Majedur Rahman,Jamaat,140726.0,Khandaker Ziaul Islam,BNP,37997.0,102729.0,419111,207573,211535,3,Normal,178723.0,78.73972572080817,57.47945144161636,49.5269749541291,50.47230924504487,0.0007158008260341,-0.9453342909157668,Very Large,2.0
30,Rangpur,Gaibandha-2,24.6,46.0,Md. Abdul Karim,Jamaat,122630.0,Anisuzzaman Khan Babu,BNP,92890.0,29740.0,411460,202034,209415,11,Normal,215520.0,56.899591685226426,13.79918337045286,49.10173528411024,50.89559130899723,0.002673406892529,-1.793856024886992,Close,1.0
31,Rangpur,Gaibandha-3,24.6,46.0,Mohammad Nazrul Islam,Jamaat,162457.0,Syed Mainul Hasan Sadiq,BNP,139864.0,22593.0,506185,248901,257275,9,Normal,302321.0,53.7365912391134,7.473182478226785,49.17194306429467,50.826278929640345,0.0017780060649762,-1.654335865345672,Close,1.0
32,Rangpur,Gaibandha-4,24.6,46.0,Shamim Kaisar Lincoln,BNP,142772.0,Md. Abdur Rahim Sarkar,Jamaat,139738.0,3034.0,468384,231616,236758,10,Normal,282510.0,50.53697214257903,1.0739442851580474,49.45002391200383,50.547841087654575,0.0021350003416,-1.0978171756507464,Very Close,1.0
33,Rangpur,Gaibandha-5,24.6,46.0,Md. Abdul Warres,Jamaat,89274.0,Md. Farooq Alam Sarkar,BNP,73483.0,15791.0,385261,192277,192981,3,Normal,162757.0,54.85109703422894,9.702194068457883,49.90824402158537,50.09097728552852,0.0007786928861213,-0.1827332639431489,Close,1.0
34,Rajshahi,Joypurhat-1,15.1,47.2,Md. Fazlur Rahman Sayeed,Jamaat,165192.0,Md. Masud Rana Pradhan,BNP,155309.0,9883.0,466274,231984,234282,8,Normal,320501.0,51.54180486176331,3.083609723526604,49.752720503395,50.245563767227,0.0017157293780052,-0.4928432638320004,Very Close,1.0
35,Rajshahi,Joypurhat-2,15.1,47.2,Md. Abdul Bari,BNP,158065.0,SM Rashedul Alam,Jamaat,92517.0,65548.0,351572,174177,177393,2,Normal,250582.0,63.079151734761474,26.158303469522952,49.54234125584517,50.45708987063816,0.0005688735166623,-0.9147486147929912,Moderate,1.0
36,Rajshahi,Bogra-1,12.0,47.2,Kazi Rafiqul Islam,BNP,171440.0,Md. Shahabuddin,Jamaat,57959.0,113481.0,376019,186388,189626,5,Normal,229399.0,74.73441470974154,49.468829419483086,49.56877179078717,50.42989848917209,0.0013297200407426,-0.861126698384922,Large,2.0
37,Rajshahi,Bogra-2,12.0,47.2,Mir Shahe Alam,BNP,145024.0,Abul Azad Md Shahaduzzaman,Jamaat,93548.0,51476.0,342155,171497,170653,5,Normal,238572.0,60.78835739315595,21.57671478631189,50.12260525200567,49.87593342198711,0.0014613260072189,0.2466718300185562,Moderate,0.0
38,Rajshahi,Bogra-3,12.0,47.2,Md. Abdul Mohit Talukder,BNP,127406.0,Noor Mohammad,Jamaat,111026.0,16380.0,339181,169347,169831,3,Normal,238432.0,53.43494161857468,6.869883237149375,49.92820942210796,50.07090609438618,0.0008844835058567,-0.1426966722782197,Close,1.0
39,Rajshahi,Bogra-4,12.0,47.2,Md. Mosharraf Hossain,BNP,155339.0,Md. Mustafa Faisal,Jamaat,108978.0,46361.0,359523,178985,180530,8,Normal,264317.0,58.76996182614058,17.53992365228116,49.784019381235694,50.21375544819108,0.0022251705732317,-0.4297360669553853,Moderate,1.0
40,Rajshahi,Bogra-5,12.0,47.2,Gholam Mohammad Siraj,BNP,248841.0,Md. Dabibur Rahman,Jamaat,143329.0,105512.0,572340,281287,291047,6,Normal,392170.0,63.45232934696688,26.904658693933754,49.146835796903936,50.852115875179095,0.0010483279169724,-1.705280078275159,Moderate,1.0
41,Rajshahi,Bogra-6,12.0,47.2,Tarique Rahman,BNP,216284.0,Md. Abidur Rahman,Jamaat,97626.0,118658.0,454043,222796,231237,10,Normal,313910.0,68.90000318562646,37.800006371252906,49.069361271950015,50.92843629347881,0.0022024345711749,-1.8590750215287957,Large,2.0
42,Rajshahi,Bogra-7,12.0,47.2,Morshed Milton,BNP,264212.0,Md. Golam Rabbani,Jamaat,116665.0,147547.0,538092,270070,268017,5,Normal,380877.0,69.36937646536808,38.73875293073617,50.19030203013612,49.80876876073236,0.0009292091315239,0.3815332694037536,Large,2.0
43,Rajshahi,Chapai Nawabganj-1,34.7,47.2,Md. Keramat Ali,Jamaat,206893.0,Md. Shahjahan Mia,BNP,162515.0,44378.0,500181,255316,244865,0,Normal,369408.0,56.00663764726265,12.013275294525291,51.04472181070453,48.95527818929548,0.0,2.0894436214090533,Close,1.0
44,Rajshahi,Chapai Nawabganj-2,34.7,47.2,Md. Mizanur Rahman,Jamaat,171227.0,Md. Aminul Islam,BNP,155119.0,16108.0,461000,228825,232174,1,Normal,326346.0,52.46793280751104,4.935865615022093,49.63665943600868,50.36312364425163,0.0002169197396963,-0.7264642082429518,Very Close,1.0
45,Rajshahi,Chapai Nawabganj-3,34.7,47.2,Md. Nurul Islam,Jamaat,189640.0,Harunur Rashid,BNP,127037.0,62603.0,468479,236648,231831,0,Normal,316677.0,59.8843616681982,19.76872333639639,50.51411055778381,49.48588944221619,0.0,1.028221115567618,Moderate,1.0
46,Rajshahi,Naogaon-1,16.2,47.2,Md. Mostafizur Rahman,BNP,173864.0,Md. Mahbubul Alam,Jamaat,153816.0,20048.0,474067,235379,238684,4,Normal,327680.0,53.05908203125001,6.1181640625,49.6509986984962,50.34815753891328,0.0008437625905199,-0.6971588404170745,Close,1.0
47,Rajshahi,Naogaon-2,16.2,47.2,Md. Enamul Haque,Jamaat,141526.0,Md. Samsujjoha Khan,BNP,134533.0,6993.0,372436,185375,187059,2,Normal,276059.0,51.26657707229252,2.5331541445850347,49.77365238591329,50.22581060907109,0.0005370050156268,-0.4521582231578023,Very Close,1.0
48,Rajshahi,Naogaon-3,16.2,47.2,Md. Fazle Huda,BNP,166889.0,Md. Mahfuzur Rahman,Jamaat,119421.0,47468.0,440785,218988,221796,1,Normal,286310.0,58.28961615032657,16.57923230065314,49.68136393026079,50.31840920176504,0.0002268679741824,-0.6370452715042489,Moderate,1.0
49,Rajshahi,Naogaon-4,16.2,47.2,Ekramul Bari Tipu,BNP,133924.0,Md. Abdur Rakib,Jamaat,97585.0,36339.0,333862,165643,168215,4,Normal,231509.0,57.848290995166494,15.696581990332987,49.61421185999006,50.38459004019625,0.0011980998136954,-0.770378180206194,Moderate,1.0
50,Rajshahi,Naogaon-5,16.2,47.2,Md. Zahidul Islam Dulu,BNP,129385.0,Abu Sadat Md. Sayem,Jamaat,104747.0,24638.0,363030,180031,182994,5,Normal,234132.0,55.26156185399689,10.52312370799378,49.591218356609645,50.40740434674821,0.0013772966421507,-0.816185990138564,Close,1.0
51,Rajshahi,Naogaon-6,16.2,47.2,Sheikh Md. Rezaul Islam,BNP,108866.0,Md. Khabirul Islam,Jamaat,97629.0,11237.0,345416,174350,171061,5,Normal,206495.0,52.72088912564469,5.441778251289377,50.47536883062742,49.52318363943766,0.001447529934919,0.9521851911897556,Close,1.0
52,Rajshahi,Rajshahi-1,15.5,47.2,Mujibur Rahman,Jamaat,171786.0,Md. Sharif Uddin,BNP,169902.0,1884.0,468780,234078,234699,3,Normal,341688.0,50.27569010325209,0.5513802065041792,49.93344425956739,50.06591578138999,0.0006399590426212,-0.1324715218226018,Very Close,1.0
53,Rajshahi,Rajshahi-2,15.5,47.2,Mizanur Rahman Minu,BNP,128546.0,Mohammad Jahangir,Jamaat,100370.0,28176.0,369564,178249,191307,8,Normal,228916.0,56.15422250956683,12.308445019133655,48.23224123561819,51.76559405136864,0.0021647130131722,-3.5333528157504475,Close,1.0
54,Rajshahi,Rajshahi-3,15.5,47.2,Shofiqul Haque Milon,BNP,176318.0,Md. Abul Kalam Azad,Jamaat,137927.0,38391.0,423738,210897,212835,6,Normal,314245.0,56.10845041289439,12.216900825788796,49.77061297311074,50.227971057587474,0.0014159693017855,-0.4573580844767306,Close,1.0
55,Rajshahi,Rajshahi-4,15.5,47.2,Md. Abdul Bari,Jamaat,115226.0,Ziaur Rahman,BNP,109461.0,5765.0,319909,160720,159185,4,Normal,224687.0,51.28289576165955,2.565791523319106,50.23928679718295,49.75946284724719,0.0012503555698651,0.4798239499357635,Very Close,1.0
56,Rajshahi,Rajshahi-5,15.5,47.2,Nazrul Islam,BNP,153425.0,Manzoor Rahman,Jamaat,73445.0,79980.0,376333,187764,188564,5,Normal,226870.0,67.62683475117909,35.25366950235818,49.89304684946577,50.1056245399686,0.0013286105656426,-0.212577690502826,Large,2.0
57,Rajshahi,Rajshahi-6,15.5,47.2,Md. Abu Said Chand,BNP,148672.0,Md. Nazmul Haque,Jamaat,92965.0,55707.0,357054,178068,178984,2,Normal,241637.0,61.52700124567016,23.05400249134032,49.87144801626645,50.12799184437088,0.0005601393626734,-0.2565438281044265,Moderate,1.0
58,Rajshahi,Natore-1,24.4,47.2,Farzana Sharmin,BNP,102726.0,Md. Abul Kalam Azad,Jamaat,90568.0,12158.0,368276,183595,184679,2,Normal,193294.0,53.14495017951928,6.289900359038563,49.852556234997664,50.14690069404468,0.0005430709576513,-0.2943444590470179,Close,1.0
59,Rajshahi,Natore-2,24.4,47.2,Ruhul Quddus Talukdar Dulu,BNP,162841.0,Md. Yunus Ali,Jamaat,130066.0,32775.0,406886,201655,205222,9,Normal,292907.0,55.59477923026763,11.189558460535256,49.56056487566542,50.43722320256779,0.0022119217667847,-0.8766583269023727,Close,1.0
60,Rajshahi,Natore-3,24.4,47.2,Md. Anwarul Islam,BNP,119768.0,Md. Daudar Mahmud,IND,66492.0,53276.0,326872,164088,162781,3,Normal,186260.0,64.30151401267045,28.60302802534092,50.19946645781835,49.799615751731565,0.0009177904500844,0.3998507060867879,Moderate,1.0
61,Rajshahi,Natore-4,24.4,47.2,Md. Abdul Aziz,BNP,170551.0,Md. Abdul Hakim,Jamaat,135386.0,35165.0,445172,221348,223821,3,Normal,305937.0,55.74709825879184,11.494196517583685,49.72190524112028,50.27742086204883,0.0006738968308878,-0.5555156209285457,Close,1.0
62,Rajshahi,Sirajganj-1,10.9,47.2,Md. Salim Reza,BNP,116613.0,Md. Shahinur Alam,Jamaat,108815.0,7798.0,385024,189676,195344,4,Normal,225428.0,51.72959880760154,3.45919761520308,49.26342253989361,50.735538563829785,0.0010388962765957,-1.4721160239361737,Very Close,1.0
63,Rajshahi,Sirajganj-2,10.9,47.2,Iqbal Hasan Mahmud Tuku,BNP,176638.0,Muhammad Zahidul Islam,Jamaat,136595.0,40043.0,469878,235248,234626,4,Normal,313233.0,56.39188718940852,12.783774378817048,50.065761750922576,49.93338696427583,0.0008512848015867,0.1323747866467428,Close,0.0
64,Rajshahi,Sirajganj-3,10.9,47.2,Md. Ainul Haque,BNP,174430.0,Muha: Abdur Rauf Sarkar,BKM,116802.0,57628.0,444427,222737,221683,7,Normal,291232.0,59.89383034831337,19.787660696626745,50.11779212334084,49.88063281483798,0.0015750618211764,0.2371593085028607,Moderate,0.0
65,Rajshahi,Sirajganj-4,10.9,47.2,Md. Rafiqul Islam Khan,Jamaat,161872.0,M. Akbar Ali,BNP,161278.0,594.0,475821,243680,232125,16,Normal,323150.0,50.09190778276342,0.1838155655268451,51.21253580653229,48.78410158441935,0.0033626090483606,2.4284342221129336,Very Close,0.0
66,Rajshahi,Sirajganj-5,10.9,47.2,Md. Amirul Islam Khan,BNP,134197.0,Md. Ali Alam,Jamaat,105188.0,29009.0,426321,218664,207655,2,Normal,239385.0,56.05906802848967,12.118136056979342,51.29092866642742,48.70860220350393,0.0004691300686571,2.58232646292349,Close,0.0
67,Rajshahi,Sirajganj-6,10.9,47.2,M. A. Muhit,BNP,171508.0,SM Saif Mostafiz,NCP,103884.0,67624.0,485387,246412,238972,3,Normal,275392.0,62.27777132233325,24.555542644666517,50.76608973870334,49.23329219777209,0.000618063524569,1.5327975409312558,Moderate,0.0
68,Rajshahi,Pabna-1,12.1,47.2,Mohammad Najibur Rahman,Jamaat,129974.0,Md. Shamsur Rahman,BNP,104245.0,25729.0,340935,174438,166496,1,Normal,234219.0,55.492509147421856,10.985018294843716,51.164591491046686,48.83511519791163,0.0002933110416941,2.329476293135059,Close,0.0
69,Rajshahi,Pabna-2,12.1,47.2,AKM Salim Reza Habib,BNP,213950.0,Md. Hesab Uddin,Jamaat,75387.0,138563.0,497394,254704,242689,1,Normal,289337.0,73.94491544461994,47.88983088923988,51.207694503753565,48.79210444838498,0.0002010478614538,2.4155900553685825,Large,2.0
70,Rajshahi,Pabna-3,12.1,47.2,Muhammad Ali Asghar,Jamaat,147475.0,Md. Hasan Zafir Tuhin,BNP,144206.0,3269.0,486806,243937,242863,6,Normal,291681.0,50.56037246169617,1.120744923392336,50.1096946216768,49.88907285448413,0.0012325238390652,0.2206217671926751,Very Close,1.0
71,Rajshahi,Pabna-4,12.1,47.2,Md. Abu Taleb Mandal,Jamaat,137675.0,Md. Habibur Rahman,BNP,133874.0,3801.0,440168,221442,218720,6,Normal,271549.0,50.69987368762175,1.3997473752435103,50.30851856563857,49.69011831846022,0.0013631159012013,0.6184002471783501,Very Close,0.0
72,Rajshahi,Pabna-5,12.1,47.2,Shamsur Rahman Simul Biswas,BNP,181925.0,Md. Iqbal Hossain,Jamaat,164994.0,16931.0,528044,266433,261608,3,Normal,346919.0,52.440194973466426,4.8803899469328575,50.45659073865056,49.54284112687579,0.0005681344736423,0.9137496117747688,Very Close,0.0
73,Khulna,Meherpur-1,9.8,52.9,Md. Tajuddin Khan,Jamaat,123271.0,Masood Arun,BNP,105441.0,17830.0,316975,157890,159082,3,Normal,228712.0,53.89791528210151,7.795830564203015,49.81149932960013,50.18755422351921,0.0009464468806688,-0.3760548939190755,Close,0.0
74,Khulna,Meherpur-2,9.8,52.9,Md. Nazmul Huda,Jamaat,96306.0,Md. Amjad Hossain,BNP,85988.0,10318.0,270705,135087,135615,3,Normal,182294.0,52.83004377543967,5.660087550879349,49.90192275724497,50.09696902532277,0.0011082174322602,-0.1950462680778031,Close,0.0
75,Khulna,Kushtia-1,18.0,52.9,Reza Ahmed,BNP,165909.0,Md. Belal Uddin,Jamaat,86682.0,79227.0,404504,203492,201011,1,Normal,252591.0,65.68286280983882,31.365725619677654,50.30654826651899,49.69320451713703,0.0002472163439669,0.6133437493819542,Large,2.0
76,Khulna,Kushtia-2,18.0,52.9,Abdul Ghafoor,Jamaat,192083.0,Ragib Rauf Chowdhury,BNP,143821.0,48262.0,523454,262632,260819,3,Normal,335904.0,57.18389778031818,14.367795560636374,50.1728900724801,49.82653681125753,0.0005731162623649,0.3463532612225677,Close,0.0
77,Khulna,Kushtia-3,18.0,52.9,Amir Hamza,Jamaat,180690.0,Md. Zakir Hossain Sarkar,BNP,126909.0,53781.0,440842,217269,223569,4,Normal,307599.0,58.74206353076571,17.48412706153141,49.28500460482441,50.71408804061319,0.0009073545624055,-1.4290834357887832,Moderate,0.0
78,Khulna,Kushtia-4,18.0,52.9,Md. Afjal Hossain,Jamaat,148201.0,Syed Mehdi Ahmed Rumi,BNP,139603.0,8598.0,424417,213504,210908,5,Normal,287804.0,51.493724896109846,2.987449792219705,50.30524224995701,49.69357966339709,0.0011780866459166,0.6116625865599161,Very Close,0.0
79,Khulna,Chuadanga-1,20.9,52.9,Md. Masood Parvez,Jamaat,211041.0,Md. Sharifuzzaman,BNP,153193.0,57848.0,511657,254385,257265,7,Normal,364234.0,57.9410488861556,15.882097772311209,49.71787740615295,50.28075448982424,0.0013681040228121,-0.5628770836712889,Moderate,0.0
80,Khulna,Chuadanga-2,20.9,52.9,Md. Ruhul Amin,Jamaat,208011.0,Mahmud Hasan Khan,BNP,163877.0,44134.0,492431,246716,245711,4,Normal,371888.0,55.93377576044401,11.867551520888007,50.1016386052056,49.8975490982493,0.0008122965450997,0.2040895069563006,Close,0.0
81,Khulna,Jhenaidah-1,21.2,52.9,Md. Asaduzzaman,BNP,173381.0,Abu Saleh Md. Matiur Rahman,Jamaat,57055.0,116326.0,325278,163001,162277,0,Normal,230436.0,75.24041382422885,50.480827648457705,50.11128942012678,49.88871057987322,0.0,0.2225788402535613,Very Large,2.0
82,Khulna,Jhenaidah-2,21.2,52.9,Ali Azam Md. Abu Bakr,Jamaat,195702.0,Md. Abdul Majeed,BNP,175984.0,19718.0,506640,251666,254963,11,Normal,371686.0,52.65250776192808,5.305015523856159,49.673535449234166,50.32429338386231,0.0021711669035212,-0.6507579346281389,Close,0.0
83,Khulna,Jhenaidah-3,21.2,52.9,Md. Motiyar Rahman,Jamaat,175857.0,Mohammad Mehdi Hasan,BNP,149821.0,26036.0,431015,217470,213542,3,Normal,325678.0,53.99719968803542,7.994399376070843,50.45532058049024,49.54398338804914,0.000696031460622,0.9113371924410956,Close,0.0
84,Khulna,Jhenaidah-4,21.2,52.9,Md. Abu Talib,Jamaat,105999.0,Md. Saiful Islam Feroze,IND,77104.0,28895.0,375177,189011,186159,7,Normal,183103.0,57.89036771653113,15.780735433062263,50.37915437246953,49.61897984151481,0.0018657860156672,0.7601745309547212,Moderate,0.0
85,Khulna,Jessore-1,20.0,52.9,Muhammad Azizur Rahman,Jamaat,119093.0,Md. Nuruzzaman Liton,BNP,93542.0,25551.0,311633,155807,155823,3,Normal,212635.0,56.00818303665906,12.016366073318126,49.99695154235912,50.00208578680692,0.0009626708339617,-0.0051342444477953,Close,0.0
86,Khulna,Jessore-2,20.0,52.9,Mohammad Moslehuddin Farid,Jamaat,180965.0,Sabira Sultana,BNP,146447.0,34518.0,484866,243374,241490,2,Normal,327412.0,55.27134008527482,10.542680170549644,50.19407423906811,49.80551327583291,0.0004124850989757,0.3885609632352,Close,0.0
87,Khulna,Jessore-3,20.0,52.9,Anindya Islam Amit,BNP,201339.0,Md. Abdul Quader,Jamaat,187463.0,13876.0,613460,307549,305901,10,Normal,388802.0,51.78445584127653,3.5689116825530736,50.133505037003225,49.86486486486486,0.0016300981319075,0.2686401721383618,Very Close,0.0
88,Khulna,Jessore-4,20.0,52.9,Ghulam Rasul,Jamaat,176912.0,Mujibur Rahman Khokon,BNP,131917.0,44995.0,458531,228433,230094,4,Normal,308829.0,57.284775717306346,14.569551434612682,49.81844193740445,50.18068571154404,0.0008723510515101,-0.3622437741395856,Close,0.0
89,Khulna,Jessore-5,20.0,52.9,Gazi Enamul Haque,Jamaat,132876.0,Shahid Md. Iqbal Hossain,IND,85045.0,47831.0,374252,188480,185768,4,Normal,217921.0,60.97438980180891,21.948779603617822,50.361788313756506,49.63714288767996,0.0010687985635347,0.7246454260765489,Moderate,0.0
90,Khulna,Jessore-6,20.0,52.9,Md. Mokhtar Ali,Jamaat,92234.0,Md. Abul Hossain Azad,BNP,80141.0,12093.0,229163,115244,113917,2,Normal,172375.0,53.50775924583032,7.015518491660624,50.28909553461946,49.71003172414395,0.000872741236587,0.5790638104755104,Close,0.0
91,Khulna,Magura-1,22.8,52.9,Md. Monowar Hossain,BNP,185338.0,Abdul Mateen,Jamaat,89691.0,95647.0,430775,215268,215504,3,Normal,275029.0,67.38852993684303,34.77705987368605,49.972259300098656,50.02704428065695,0.0006964192443851,-0.0547849805582956,Large,2.0
92,Khulna,Magura-2,22.8,52.9,Nitai Roy Chowdhury,BNP,147896.0,Md. Musharhsed Billah,Jamaat,117018.0,30878.0,416634,211546,205085,3,Normal,264914.0,55.82792906377164,11.655858127543278,50.77502076162771,49.22425918191986,0.0007200564524258,1.5507615797078458,Close,0.0
93,Khulna,Narail-1,14.9,52.9,Biswas Jahangir Alam,BNP,99975.0,Md. Obaidullah,Jamaat,75225.0,24750.0,294155,148505,145648,2,Normal,175200.0,57.06335616438356,14.126712328767123,50.48528836837721,49.51403171797182,0.0006799136509663,0.971256650405394,Close,0.0
94,Khulna,Narail-2,14.9,52.9,Md. Ataur Rahman,Jamaat,118142.0,Md. Monirul Islam,IND,78457.0,39685.0,390988,194245,196739,4,Normal,196599.0,60.0928794144426,20.18575882888519,49.68055285584212,50.31842409485713,0.0010230493007458,-0.6378712390150056,Moderate,0.0
95,Khulna,Bagerhat-1,13.7,52.9,Md. Moshiur Rahman Khan,Jamaat,117527.0,Kapil Krishna Mandal,BNP,114323.0,3204.0,375560,190838,184720,2,Normal,231850.0,50.690963985335344,1.3819279706706922,50.8142507189264,49.18521674299712,0.0005325380764724,1.629033975929282,Very Close,0.0
96,Khulna,Bagerhat-2,13.7,52.9,Sheikh Manjurul Haque Rahad,Jamaat,117709.0,Sheikh Mohammad Zakir Hossain,BNP,66409.0,51300.0,338009,167739,170265,5,Normal,184118.0,63.93128319881814,27.862566397636297,49.62560168516223,50.37291906428527,0.0014792505525,-0.7473173791230394,Moderate,0.0
97,Khulna,Bagerhat-3,13.7,52.9,Sheikh Faridul Islam,BNP,102661.0,Mohammad Abdul Wadud Sheikh,Jamaat,83550.0,19111.0,266864,132350,134510,4,Normal,186211.0,55.131544323375095,10.263088646750193,49.5945500329756,50.40395107620361,0.0014988908207926,-0.8094010432280143,Close,0.0
98,Khulna,Bagerhat-4,13.7,52.9,Md. Abdul Alim,Jamaat,116067.0,Somnath Dey,BNP,98326.0,17741.0,380679,191812,188864,3,Normal,214393.0,54.137495160756174,8.274990321512362,50.38680883368928,49.6124031007752,0.0007880655355299,0.774405732914083,Close,0.0
99,Khulna,Khulna-1,10.2,52.9,Amir Ejaz Khan,BNP,121352.0,Krishna Nandi,Jamaat,70346.0,51006.0,307103,152285,154814,4,Normal,191698.0,63.30373817149892,26.60747634299784,49.587597646392254,50.41109985900496,0.0013024946027879,-0.8235022126127092,Moderate,0.0
100,Khulna,Khulna-2,10.2,52.9,Sheikh Jahangir Hussain Helal,Jamaat,93789.0,Nazrul Islam Manju,BNP,88197.0,5592.0,335241,165762,169469,10,Normal,181986.0,51.53638191948831,3.0727638389766243,49.44562270128057,50.551394370020375,0.0029829286990553,-1.1057716687398056,Very Close,0.0
101,Khulna,Khulna-3,10.2,52.9,Rakibul Islam,BNP,74845.0,Mohammad Mahfuzur Rahman,Jamaat,66010.0,8835.0,254409,127636,126765,8,Normal,140855.0,53.13620389762522,6.272407795250434,50.16960877956361,49.82724667759395,0.0031445428424308,0.3423621019696625,Close,0.0
102,Khulna,Khulna-4,10.2,52.9,SK Azizul Bari Helal,BNP,123162.0,SM Sakhawat Hossain,KM,109530.0,13632.0,378453,188526,189922,5,Normal,232692.0,52.92919395595895,5.8583879119179,49.81490436064716,50.183774471334615,0.0013211680182215,-0.3688701106874532,Close,0.0
103,Khulna,Khulna-5,10.2,52.9,Mohammad Ali Asghar Lobby,BNP,148854.0,Mia Golam Parwar,Jamaat,146246.0,2608.0,402798,199354,203443,1,Normal,295100.0,50.441884107082345,0.8837682141646899,49.49230135204246,50.50745038456,0.0002482633975342,-1.0151490325175416,Very Close,0.0
104,Khulna,Khulna-6,10.2,52.9,Abul Kalam Azad,Jamaat,150724.0,SM Monirul Hasan,BNP,124710.0,26014.0,423331,212869,210461,1,Normal,275434.0,54.72236543055686,9.444730861113731,50.28429290555145,49.7154708726741,0.0002362217744507,0.5688220328773497,Close,0.0
105,Khulna,Satkhira-1,17.3,52.9,Md. Izzatullah,Jamaat,193772.0,Md. Habibul Islam Habib,BNP,169995.0,23777.0,496848,247873,248973,2,Normal,363767.0,53.268163412294136,6.536326824588266,49.88910089202332,50.11049657037967,0.0004025375970115,-0.2213956783563517,Close,0.0
106,Khulna,Satkhira-2,17.3,52.9,Muhammad Abdul Khaliq,Jamaat,266959.0,Md. Abdur Rauf,BNP,116293.0,150666.0,535654,265965,269685,4,Normal,383252.0,69.65625750159164,39.312515003183286,49.65238754867881,50.34686570062018,0.0007467507010122,-0.6944781519413681,Large,2.0
107,Khulna,Satkhira-3,17.3,52.9,Hafez Rabiul Bashar,Jamaat,184233.0,Md. Shahidul Alam,IND,105379.0,78854.0,502222,253984,248235,3,Normal,289612.0,63.61373147521512,27.22746295043023,50.572057775246805,49.42734487935614,0.0005973453970554,1.1447128958906632,Moderate,0.0
108,Khulna,Satkhira-4,17.3,52.9,Gazi Nazrul Islam,Jamaat,106913.0,Md. Moniruzzaman,BNP,85426.0,21487.0,298052,150027,148021,4,Normal,192339.0,55.58571064630679,11.171421292613562,50.33584743601788,49.66281051628575,0.0013420476963751,0.6730369197321266,Close,0.0
109,Barishal,Barguna-1,19.8,60.9,Md. Ali Ullah,IAB,140291.0,Md. Nazrul Islam Mollah,BNP,136145.0,4146.0,519460,259098,260351,11,Normal,276436.0,50.74990232820616,1.4998046564123342,49.87833519424017,50.11954722211527,0.0021175836445539,-0.2412120278750933,Very Close,0.0
110,Barishal,Barguna-2,19.8,60.9,Md. Nurul Islam,BNP,90643.0,Dr. Sultan Ahmad,Jamaat,85247.0,5396.0,337744,167965,169775,4,Normal,175890.0,51.53391324123031,3.067826482460629,49.73145340849874,50.26736226254205,0.0011843289592117,-0.5359088540433063,Very Close,0.0
111,Barishal,Patuakhali-1,20.8,60.9,Altaf Hossain Chowdhury,BNP,152087.0,Md Feroze Alam,IAB,58161.0,93926.0,505840,254339,251493,8,Normal,210248.0,72.33695445378791,44.67390890757581,50.280523485687176,49.71789498655701,0.0015815277558121,0.5626284991301631,Large,2.0
112,Barishal,Patuakhali-2,20.8,60.9,Shafiqul Islam Masud,Jamaat,100750.0,Md. Shahidul Alam Talukder,BNP,72676.0,28074.0,315282,160501,154779,2,Normal,173426.0,58.0939420848085,16.18788416961701,50.90712441560255,49.09224123165928,0.0006343527381835,1.814883183943266,Moderate,0.0
113,Barishal,Patuakhali-3,20.8,60.9,Nurul Haque Nur,GOP,97323.0,Md Hasan Mamun,IND,81361.0,15962.0,375871,189020,186848,3,Normal,178684.0,54.46654429047928,8.933088580958563,50.28852984135514,49.710672012472365,0.00079814617249,0.5778578288827774,Close,0.0
114,Barishal,Patuakhali-4,20.8,60.9,ABM Mosharraf Hossain,BNP,124013.0,Mostafizur Rahman,IAB,70127.0,53886.0,312603,158123,154475,5,Normal,194140.0,63.87812918512413,27.756258370248275,50.582687946052985,49.415712581133256,0.0015994728137605,1.166975364919729,Moderate,0.0
115,Barishal,Bhola-1,27.0,60.9,Andaleeve Rahman,BJP,105543.0,Md. Nazrul Islam,Jamaat,75337.0,30206.0,406567,210087,196475,5,Normal,180880.0,58.34973463069439,16.699469261388767,51.67340192391414,48.32536826648498,0.0012298096008775,3.3480336574291627,Moderate,0.0
116,Barishal,Bhola-2,27.0,60.9,Hafiz Ibrahim,BNP,119085.0,Mohammad Fazlul Karim,Jamaat,93703.0,25382.0,395546,206433,189112,1,Normal,212788.0,55.964152113841,11.928304227682013,52.18937873218286,47.81036845272105,0.000252815096095,4.379010279461809,Close,0.0
117,Barishal,Bhola-3,27.0,60.9,Hafizuddin Ahmed,BNP,145990.0,Muhammad Nizamul Haque,BDP,57351.0,88639.0,388550,200497,188050,3,Normal,203341.0,71.79565360650336,43.59130721300672,51.60133830909793,48.39788958949942,0.0007721014026508,3.203448719598512,Large,2.0
118,Barishal,Bhola-4,27.0,60.9,Mohammad Nurul Islam,BNP,189351.0,Mohammad Mustafa Kamal,Jamaat,81437.0,107914.0,502026,262843,239176,7,Normal,270788.0,69.92591990782458,39.85183981564914,52.35645165788226,47.64215399202432,0.0013943500934214,4.714297665857941,Large,2.0
119,Barishal,Barisal-1,25.7,60.9,Zahir Uddin Swapan,BNP,100552.0,Md. Kamrul Islam Khan,Jamaat,46263.0,54289.0,328198,165364,162834,0,Normal,146815.0,68.48891462044068,36.97782924088138,50.38543805873283,49.61456194126716,0.0,0.7708761174656686,Large,2.0
120,Barishal,Barisal-2,25.7,60.9,Sardar Sarfuddin Ahmed,BNP,141622.0,Abdul Mannan,Jamaat,74082.0,67540.0,385807,196262,189544,1,Normal,215704.0,65.65571338500908,31.311426770018176,50.8705129766956,49.12922782634841,0.0002591969559909,1.7412851503471884,Large,0.0
121,Barishal,Barisal-3,25.7,60.9,Zainul Abedin,BNP,80930.0,Asaduzzaman Fuaad,ABP,61192.0,19738.0,332097,167921,164173,3,Normal,142122.0,56.944033998958645,13.888067997917284,50.56384128733472,49.43525536213817,0.000903350527105,1.1285859251965462,Close,0.0
122,Barishal,Barisal-4,25.7,60.9,Md. Rajib Ahsan,BNP,128322.0,Mohammad Abdul Jabbar,Jamaat,74684.0,53638.0,421975,217942,204030,3,Normal,203006.0,63.21093957814055,26.421879156281097,51.64808341726405,48.35120564014456,0.0007109425913857,3.296877777119498,Moderate,0.0
123,Barishal,Barisal-5,25.7,60.9,Majibur Rahman Sarwar,BNP,135146.0,Syed Faizul Karim,IAB,95044.0,40102.0,501304,250680,250615,9,Normal,230190.0,58.710630348842265,17.42126069768452,50.00558543319024,49.99261924899861,0.0017953178111485,0.0129661841916259,Moderate,0.0
124,Barishal,Barisal-6,25.7,60.9,Abul Hossain Khan,BNP,82217.0,Md. Mahmudunnabi,Jamaat,55988.0,26229.0,315597,160055,155538,4,Normal,138205.0,59.48916464672045,18.978329293440904,50.71499412225084,49.28373843857831,0.0012674391708412,1.431255683672532,Moderate,0.0
125,Barishal,Jhalokati-1,33.5,60.9,Rafiqul Islam Jamal,BNP,62010.0,Faizul Haque,Jamaat,55120.0,6890.0,228431,116427,112002,2,Normal,117130.0,52.94117647058824,5.88235294117647,50.96812604243732,49.03099841965408,0.0008755379086025,1.937127622783244,Close,0.0
126,Barishal,Jhalokati-2,33.5,60.9,Israt Sultana Ilein Bhutto,BNP,113419.0,SM Nayeamul Karim,Jamaat,70556.0,42863.0,365397,185451,179944,2,Normal,183975.0,61.64913711102052,23.29827422204104,50.753290256898666,49.24616239323257,0.0005473498687728,1.5071278636660992,Moderate,0.0
127,Barishal,Pirojpur-1,37.9,60.9,Masood Sayeedi,Jamaat,132659.0,Alamgir Hossain,BNP,107105.0,25554.0,392178,198709,193469,0,Normal,239764.0,55.328990173670775,10.657980347341551,50.66806399135086,49.33193600864914,0.0,1.3361279827017256,Close,0.0
128,Barishal,Pirojpur-2,37.9,60.9,Ahmad Sohail Manzoor,BNP,105185.0,Shameem Sayeedi,Jamaat,96897.0,8288.0,409288,204312,204972,4,Normal,202082.0,52.05065270533744,4.1013054106748745,49.91888352455972,50.08013916850727,0.0009773069330153,-0.1612556439475483,Very Close,0.0
129,Barishal,Pirojpur-3,37.9,60.9,Md. Ruhul Amin Dulal,BNP,63791.0,Md. Shamim Hamidi,NCP,36616.0,27175.0,241361,122045,119315,1,Normal,100407.0,63.532423038234384,27.064846076468772,50.56533574189699,49.43424994095981,0.0004143171432004,1.1310858009371785,Moderate,0.0
138,Mymensingh,Jamalpur-1,18.8,38.95,M Rashiduzzaman Millat,BNP,172011.0,Muhammad Nazmul Haque Sayeedi,Jamaat,93661.0,78350.0,431707,216207,215498,2,Normal,265672.0,64.74562618567255,29.49125237134512,50.08188424093193,49.91765248189166,0.0004632771764182,0.1642317590402697,Moderate,1.0
139,Mymensingh,Jamalpur-2,18.8,38.95,A. E. Sultan Mahmud Babu,BNP,95860.0,Md. Shamiul Haque,Jamaat,62434.0,33426.0,282103,144469,137633,1,Normal,158294.0,60.558201826980174,21.116403653960354,51.21143695742335,48.78820856212093,0.00035448045572,2.423228395302424,Moderate,1.0
140,Mymensingh,Jamalpur-3,18.8,38.95,Md. Mostafizur Rahman Babul,BNP,207412.0,Md. Mujibur Rahman Azadi,Jamaat,81430.0,125982.0,539504,274257,265241,6,Normal,288842.0,71.80811654814742,43.61623309629486,50.83502624632996,49.16386162104451,0.0011121326255227,1.6711646252854493,Large,2.0
141,Mymensingh,Jamalpur-4,18.8,38.95,Md. Faridul Kabir Talukder,BNP,147406.0,Mohammad Abdul Awal,Jamaat,44947.0,102459.0,304992,151527,153464,1,Normal,192353.0,76.63306524982714,53.26613049965429,49.68228674850488,50.3173853740426,0.0003278774525233,-0.6350986255377222,Very Large,2.0
142,Mymensingh,Jamalpur-5,18.8,38.95,Shah Md Waresh Ali Mamun,BNP,199344.0,Muhammad Abdus Sattar,Jamaat,113201.0,86143.0,576810,281747,295053,10,Normal,312545.0,63.78089555104065,27.5617911020813,48.84572042787053,51.1525458989962,0.0017336731332674,-2.30682547112567,Moderate,1.0
143,Mymensingh,Sherpur-1,19.9,38.95,Md. Rashedul Islam Rashed,Jamaat,127811.0,Sansila Zebrin,BNP,78342.0,49469.0,450489,224472,226009,8,Normal,206153.0,61.998127604255096,23.996255208510185,49.82851967528619,50.16970447669088,0.0017758480229261,-0.3411848014046938,Moderate,1.0
144,Mymensingh,Sherpur-2,19.9,38.95,Mohammad Fahim Chowdhury,BNP,118472.0,Md. Golam Kibria,Jamaat,108335.0,10137.0,440035,215786,224249,0,Normal,226807.0,52.234719386967775,4.469438773935549,49.03837194768597,50.961628052314026,0.0,-1.9232561046280523,Very Close,1.0
146,Mymensingh,Mymensingh-1,20.4,38.95,Mohammed Salman Omar,IND,108265.0,Syed Imran Saleh,BNP,101926.0,6339.0,483712,241604,242104,4,Normal,210191.0,51.50791423039045,3.015828460780909,49.94790288436094,50.05127017729558,0.0008269383434771,-0.1033672929346352,Very Close,1.0
147,Mymensingh,Mymensingh-2,20.4,38.95,Muhammadullah,BKM,144565.0,Motahar Hossain Talukder,BNP,117344.0,27221.0,576167,294451,281713,3,Normal,261909.0,55.19665227235414,10.393304544708275,51.10514833372963,48.89433098389876,0.000520682371604,2.2108173498308687,Close,1.0
148,Mymensingh,Mymensingh-3,20.4,38.95,M Iqbal Hossain,BNP,75320.0,Ahmad Taibur Rahman,IND,65995.0,9325.0,298268,150780,147487,1,Normal,141315.0,53.29936666312847,6.598733326256943,50.55185269623291,49.447812034814326,0.0003352689527538,1.104040661418587,Close,1.0
149,Mymensingh,Mymensingh-4,20.4,38.95,Md. Abu Wahab Akand Wahid,BNP,177891.0,Mohammad Kamrul Ahsan,Jamaat,169580.0,8311.0,695306,345005,350291,10,Normal,347471.0,51.195927142121214,2.391854284242426,49.61916048473622,50.3794012995717,0.0014382156920837,-0.760240814835484,Very Close,1.0
150,Mymensingh,Mymensingh-5,20.4,38.95,Mohammad Zakir Hossain,BNP,128896.0,Md. Matiur Rahman Akand,Jamaat,102228.0,26668.0,387927,194275,193650,2,Normal,231124.0,55.76919748706322,11.538394974126442,50.08029861288336,49.91918582619926,0.000515560917389,0.1611127866840931,Close,1.0
151,Mymensingh,Mymensingh-6,20.4,38.95,Md. Kamrul Hasan,Jamaat,75946.0,Akhtar Sultana,IND,52669.0,23277.0,417927,210330,207595,2,Normal,128615.0,59.049100027213,18.098200054426,50.32697097818518,49.67255046934034,0.0004785524744752,0.6544205088448436,Moderate,1.0
152,Mymensingh,Mymensingh-7,20.4,38.95,Md. Mahabubur Rahman,BNP,99049.0,Md. Achaduzzaman,Jamaat,84851.0,14198.0,403249,205179,198070,0,Normal,183900.0,53.860250135943446,7.720500271886895,50.881465298116055,49.118534701883945,0.0,1.7629305962321098,Close,1.0
153,Mymensingh,Mymensingh-8,20.4,38.95,Lutfulahel Majed,BNP,107577.0,Md. Aurangzeb Belal,LDP,45791.0,61786.0,348879,179437,169436,6,Normal,153368.0,70.1430546137395,40.286109227479,51.43244505974851,48.56583514628281,0.0017197939686825,2.8666099134657017,Large,2.0
154,Mymensingh,Mymensingh-9,20.4,38.95,Yasser Khan Chowdhury,BNP,85761.0,AKM Anwarul Islam,BDP,71168.0,14593.0,384641,198692,185942,7,Normal,156929.0,54.64955489425154,9.29910978850308,51.656479678453415,48.34170044275052,0.0018198787960721,3.3147792357029005,Close,1.0
155,Mymensingh,Mymensingh-10,20.4,38.95,Mohammad Aktaruzzaman,BNP,75585.0,Abu Bakr Siddiqur Rahman,IND,67013.0,8572.0,409364,209120,200241,3,Normal,142598.0,53.005652253187286,6.011304506374564,51.08412073362582,48.91514642225501,0.0007328441191702,2.1689743113708038,Close,1.0
156,Mymensingh,Mymensingh-11,20.4,38.95,Fakhruddin Ahmed,BNP,111230.0,Muhammad Morshed Alam,IND,66016.0,45214.0,358659,178020,180636,3,Normal,177246.0,62.75458966633944,25.50917933267888,49.63488996512008,50.36427358577368,0.0008364491062541,-0.7293836206536071,Moderate,1.0
157,Mymensingh,Netrokona-1,33.9,38.95,Kaiser Kamal,BNP,158343.0,Golam Rabbani,BKM,87488.0,70855.0,456182,231751,224427,4,Normal,245831.0,64.41132322611875,28.82264645223751,50.80231135818599,49.1968117987996,0.0008768430144109,1.605499559386388,Moderate,1.0
158,Mymensingh,Netrokona-2,33.9,38.95,Md. Anwarul Haque,BNP,171399.0,Md. Fahim Rahman Khan Pathan,NCP,67367.0,104032.0,502438,252379,250047,12,Normal,238766.0,71.7853463223407,43.5706926446814,50.230874257122274,49.7667373884937,0.0023883543840235,0.4641368686285716,Large,2.0
159,Mymensingh,Netrokona-3,33.9,38.95,Rafiqul Islam Hilali,BNP,118469.0,Md Delwar Hossain Bhuiyan,IND,68961.0,49508.0,420686,214883,205794,9,Normal,187430.0,63.207063970549,26.41412794109801,51.07918970443514,48.91867093271466,0.0021393628502018,2.160518771720476,Moderate,1.0
160,Mymensingh,Netrokona-4,33.9,38.95,Lutfozzaman Babar,BNP,160801.0,Md. Al Helal,Jamaat,39840.0,120961.0,375308,190313,184982,13,Normal,200641.0,80.14363963496992,60.287279269939845,50.708484764513415,49.28805141377215,0.0034638217144318,1.4204333507412628,Very Large,2.0
161,Mymensingh,Netrokona-5,33.9,38.95,Machum Mustafa,Jamaat,82177.0,Md. Abu Taher Talukdar,BNP,79412.0,2765.0,290117,147896,142219,2,Normal,161589.0,50.85556566350432,1.7111313270086452,50.97805368179045,49.02125694116511,0.0006893770444337,1.956796740625336,Very Close,1.0
130,Dhaka,Tangail-1,13.3,50.8,Fakir Mahbub Anam,BNP,153932.0,Muhammad Abdullah Kafi,Jamaat,94462.0,59470.0,437433,216007,221424,2,Normal,248394.0,61.97090106846381,23.941802136927624,49.38059085619969,50.61895193092428,0.000457212876029,-1.238361074724594,Moderate,0.0
131,Dhaka,Tangail-2,13.3,50.8,Abdus Salam Pintu,BNP,198213.0,Md. Humayun Kabir,Jamaat,60871.0,137342.0,418606,210422,208183,1,Normal,259084.0,76.50530329931605,53.0106065986321,50.26731580531574,49.73244530656512,0.0002388881191382,0.534870498750621,Very Large,2.0
132,Dhaka,Tangail-3,13.3,50.8,Md. Lutfar Rahman Khan Azad,IND,107901.0,SM Obaidul Haque,BNP,82769.0,25132.0,382720,191864,190853,3,Normal,190670.0,56.59044422300309,13.18088844600619,50.13168896321071,49.86752717391305,0.0007838628762541,0.2641617892976597,Close,0.0
133,Dhaka,Tangail-4,13.3,50.8,Md. Lutfar Rahman,BNP,105342.0,Abdul Latif Siddiqui,IND,62509.0,42833.0,374917,189942,184972,3,Normal,167851.0,62.75923289107601,25.518465782152028,50.66241328080615,49.33678654208799,0.000800177105866,1.3256267387181635,Moderate,0.0
134,Dhaka,Tangail-5,13.3,50.8,Sultan Saladin Tuku,BNP,131279.0,Ahsan Habib,Jamaat,80283.0,50996.0,462412,231303,231108,1,Normal,211562.0,62.05225891228103,24.104517824562063,50.02097696426563,49.9788067783708,0.0002162573635632,0.0421701858948253,Moderate,0.0
135,Dhaka,Tangail-6,13.3,50.8,Md Rabiul Awal,BNP,150952.0,AKM Abdul Hamid,Jamaat,91914.0,59038.0,468076,236597,231475,4,Normal,242866.0,62.15443907339851,24.308878146797,50.54670609046394,49.4524393474564,0.0008545620796622,1.0942667430075446,Moderate,0.0
136,Dhaka,Tangail-7,13.3,50.8,Abul Kalam Azad Siddiqui,BNP,141253.0,Md Abdullah ibn Abul Hossain,Jamaat,71040.0,70213.0,375437,188871,186560,6,Normal,212293.0,66.53681468536409,33.07362937072819,50.30697560442897,49.69142625793408,0.0015981376369404,0.6155493464948876,Large,2.0
137,Dhaka,Tangail-8,13.3,50.8,Ahmed Azam Khan,BNP,114217.0,Salahuddin Alamgir,IND,77130.0,37087.0,414826,206623,208198,5,Normal,191347.0,59.691032522067246,19.38206504413448,49.80955870654202,50.18923596881584,0.0012053246421391,-0.379677262273816,Moderate,0.0
162,Dhaka,Kishoreganj-1,35.3,50.8,Mazharul Islam,BNP,124035.0,Hedayatullah Hadi,BKM,101132.0,22903.0,555136,280657,274476,3,Normal,225167.0,55.08578077604622,10.171561552092449,50.55644022365691,49.443019368226885,0.0005404081162093,1.1134208554300216,Close,1.0
163,Dhaka,Kishoreganj-2,35.3,50.8,Advocate Md. Jalal Uddin,BNP,143669.0,Md. Shafiul Islam,Jamaat,120975.0,22694.0,532516,268568,263939,9,Normal,264644.0,54.28764680098548,8.57529360197095,50.43378978284221,49.56452012709477,0.0016900900630215,0.8692696557474378,Close,1.0
164,Dhaka,Kishoreganj-3,35.3,50.8,Osman Faruk,BNP,112466.0,Jehad Khan,Jamaat,102476.0,9990.0,448625,230210,218412,3,Normal,214942.0,52.32388272185055,4.647765443701092,51.31457230426303,48.68475898578991,0.0006687099470604,2.6298133184731185,Very Close,1.0
165,Dhaka,Kishoreganj-4,35.3,50.8,Md. Fazlur Rahman,BNP,132472.0,Md. Rokan Reza Sheikh,Jamaat,57829.0,74643.0,408352,211182,197166,4,Normal,190301.0,69.611825476482,39.22365095296399,51.71567667110728,48.28334378183528,0.0009795470574406,3.432332889272004,Large,2.0
166,Dhaka,Kishoreganj-5,35.3,50.8,Syed Ehsanul Huda,BNP,66450.0,Md Ramzan Ali,Jamaat,54400.0,12050.0,353566,182452,171108,6,Normal,120850.0,54.985519238725686,9.971038477451383,51.60337815287669,48.39492485137146,0.0016969957518539,3.20845330150523,Close,1.0
167,Dhaka,Kishoreganj-6,35.3,50.8,Md. Shariful Alam,BNP,185813.0,Ataullah Amin,BKM,42555.0,143258.0,428804,221114,207687,3,Normal,228368.0,81.36560288656905,62.731205773138086,51.56528390593371,48.43401647372693,0.0006996203393625,3.1312674322067835,Very Large,2.0
168,Dhaka,Manikganj-1,22.2,50.8,SA Jinnah Kabir,BNP,137773.0,Md. Tozammel Haque,IND,77818.0,59955.0,207687,231857,230081,4,Normal,215591.0,63.90480122083019,27.809602441660363,111.63770481541934,110.78257185091029,0.0019259751452907,0.8551329645090675,Moderate,3.0
169,Dhaka,Manikganj-2,22.2,50.8,Moinul Islam Khan,BNP,175776.0,Md. Salah Uddin,BKM,81531.0,94245.0,472622,237205,235413,4,Normal,257307.0,68.31372640464504,36.62745280929007,50.18915750853748,49.80999614914244,0.0008463423200782,0.3791613593950345,Large,2.0
170,Dhaka,Manikganj-3,22.2,50.8,Afroza Khanam Rita,BNP,167345.0,Muhammad Said Noor,BKM,64242.0,103103.0,400059,199398,200660,1,Normal,231587.0,72.26010095558041,44.52020191116082,49.84214828312824,50.15760175374132,0.0002499631304382,-0.3154534706130789,Large,2.0
171,Dhaka,Munshiganj-1,11.3,50.8,Md. Abdullah,BNP,167562.0,AKM Fakhruddin,Jamaat,101568.0,65994.0,545519,280716,264802,1,Normal,269130.0,62.26061754542415,24.52123509084829,51.45851931830055,48.54129737002744,0.000183311672004,2.917221948273109,Moderate,0.0
172,Dhaka,Munshiganj-2,11.3,50.8,Abdus Salam Azad,BNP,121154.0,Majedul Islam,NCP,58573.0,62581.0,378492,194720,183772,0,Normal,179727.0,67.41001630250324,34.82003260500648,51.4462657070691,48.5537342929309,0.0,2.8925314141382046,Large,2.0
173,Dhaka,Munshiganj-3,11.3,50.8,Md. Kamruzzaman,BNP,124691.0,Mohiuddin,IND,88936.0,35755.0,509467,263075,246390,2,Normal,213627.0,58.36855828149064,16.73711656298127,51.63729937365914,48.362308059206974,0.0003925671338869,3.2749913144521656,Moderate,0.0
174,Dhaka,Dhaka-1,8.6,50.8,Khandaker Abu Ashfaq,BNP,173781.0,Mohammad Nazrul Islam,Jamaat,112622.0,61159.0,545140,276050,269085,5,Normal,286403.0,60.67708787966607,21.35417575933213,50.6383681256191,49.3607146787981,0.000917195582786,1.2776534468209988,Moderate,0.0
175,Dhaka,Dhaka-2,8.6,50.8,Amanullah Aman,BNP,163020.0,Md. Abdul Haque,Jamaat,78655.0,84365.0,414215,217908,201298,9,Normal,241675.0,67.45422571635461,34.908451432709214,52.60746230822158,48.59746749876272,0.0021727846649686,4.00999480945886,Large,2.0
176,Dhaka,Dhaka-3,8.6,50.8,Gayeshwar Chandra Roy,BNP,99163.0,Md. Shahinur Islam,Jamaat,83264.0,15899.0,362159,184971,177184,4,Normal,182427.0,54.35763346434464,8.715266928689285,51.07452803878959,48.92436747395481,0.0011044872555976,2.1501605648347777,Close,0.0
177,Dhaka,Dhaka-4,8.6,50.8,Syed Zainul Abedin,Jamaat,77367.0,Tanveer Ahmed,BNP,74447.0,2920.0,362506,186476,176034,5,Normal,151814.0,50.96170313673311,1.9234062734662156,51.44080373842088,48.56029969159131,0.0013792875152411,2.8805040468295715,Very Close,0.0
178,Dhaka,Dhaka-5,8.6,50.8,Mohammad Kamal Hossain,Jamaat,96641.0,Md Nabi Ulla,BNP,87491.0,9150.0,419996,214594,205397,5,Normal,184132.0,52.48463059109769,4.969261182195382,51.09429613615368,48.90451337631787,0.0011904875284526,2.189782759835808,Very Close,0.0
179,Dhaka,Dhaka-6,8.6,50.8,Ishraque Hossain,BNP,78850.0,Md. Abdul Mannan,Jamaat,55697.0,23153.0,292284,152520,139761,3,Normal,134547.0,58.60405657502583,17.208113150051656,52.18212423533276,47.81684936568543,0.0010263989818122,4.36527486964733,Moderate,0.0
180,Dhaka,Dhaka-7,8.6,50.8,Hamidur Rahman,BNP,104666.0,Md. Enayat Ulla,Jamaat,98483.0,6183.0,498263,259698,238553,12,Normal,203149.0,51.52178942549557,3.0435788509911443,52.120667197845314,47.87692443548889,0.0024083666657969,4.243742762356426,Very Close,0.0
181,Dhaka,Dhaka-8,8.6,50.8,Mirza Abbas,BNP,59366.0,Nasiruddin Patwary,NCP,54127.0,5239.0,275471,152795,122675,1,Normal,113493.0,52.30807186346295,4.61614372692589,55.46681864878698,44.53281833659442,0.0003630146185986,10.934000312192566,Very Close,0.0
182,Dhaka,Dhaka-9,8.6,50.8,Habibur Rashid,BNP,111212.0,Mohammad Javed Mia,NCP,53460.0,57752.0,469359,237673,231681,5,Normal,164672.0,67.53546443839875,35.07092887679752,50.637784723420666,49.36114999392789,0.0010652826514459,1.276634729492777,Large,2.0
183,Dhaka,Dhaka-10,8.6,50.8,Sheikh Rabiul Alam,BNP,80436.0,Md. Jasim Uddin Sarkar,Jamaat,77136.0,3300.0,388660,204604,184050,6,Normal,157572.0,51.04714035488539,2.0942807097707714,52.64344156846601,47.35501466577471,0.0015437657592754,5.288426902691299,Very Close,0.0
184,Dhaka,Dhaka-11,8.6,50.8,Nahid Islam,NCP,93872.0,M. A. Qayyum,BNP,91833.0,2039.0,439078,222877,216198,3,Normal,185705.0,50.54898898791094,1.0979779758218682,50.76022938976674,49.239087360332334,0.0006832499009287,1.521142029434408,Very Close,0.0
185,Dhaka,Dhaka-12,8.6,50.8,Saiful Alam Khan Milon,Jamaat,53773.0,Saiful Haque,BRWP,30963.0,22810.0,333320,174349,158968,3,Normal,84736.0,63.45945052870091,26.91890105740181,52.30679227169088,47.69230769230769,0.00090003600144,4.614484579383181,Moderate,0.0
186,Dhaka,Dhaka-13,8.6,50.8,Bobby Hajjaj,BNP,88387.0,Mamunul Haque,BKM,86067.0,2320.0,408791,209812,198971,8,Normal,174454.0,50.66493172985429,1.3298634597085766,51.325004709007786,48.67303830074537,0.0019569902468498,2.651966408262417,Very Close,0.0
187,Dhaka,Dhaka-14,8.6,50.8,Mir Ahmad Bin Quasem,Jamaat,101113.0,Sanjida Islam,BNP,83323.0,17790.0,410591,208560,202027,4,Normal,184436.0,54.8228111648485,9.64562232969702,50.79507344291522,49.20395235161024,0.0009742054745476,1.5911210913049771,Close,0.0
188,Dhaka,Dhaka-15,8.6,50.8,Shafiqur Rahman,Jamaat,85131.0,Md. Shafiqul Islam Khan,BNP,63513.0,21618.0,351718,179616,172098,4,Normal,148644.0,57.2717364979414,14.54347299588278,51.06818530754752,48.930677417703954,0.0011372747485201,2.137507889843569,Close,0.0
189,Dhaka,Dhaka-16,8.6,50.8,Md. Abdul Baten,Jamaat,88828.0,Aminul Haque,BNP,85467.0,3361.0,400499,201168,199323,8,Normal,174295.0,50.964169941765405,1.9283398835307957,50.2293388997226,49.76866359216877,0.0019975081086344,0.4606753075538279,Very Close,0.0
190,Dhaka,Dhaka-17,8.6,50.8,Tarique Rahman,BNP,72699.0,S. M. Khaliduzzaman,Jamaat,68300.0,4399.0,333777,174709,159060,8,Normal,140999.0,51.559940141419446,3.1198802828388854,52.343031425173095,47.654571764980815,0.0023968098460948,4.688459660192279,Very Close,0.0
191,Dhaka,Dhaka-18,8.6,50.8,SM Jahangir Hossain,BNP,144715.0,Ariful Islam,NCP,111297.0,33418.0,613883,313050,300827,6,Normal,256012.0,56.52664718841305,13.053294376826086,50.99505931912107,49.003963295937496,0.0009773849414302,1.991096023183573,Close,0.0
192,Dhaka,Dhaka-19,8.6,50.8,Dewan Md. Salauddin,BNP,190976.0,Dilshana Parul,NCP,125283.0,65693.0,747070,379906,367151,13,Normal,316259.0,60.38594949076548,20.77189898153096,50.8527982652228,49.14546160333034,0.0017401314468523,1.7073366618924624,Moderate,0.0
193,Dhaka,Dhaka-20,8.6,50.8,Md. Tamiz Uddin,BNP,160428.0,Nabila Tasnid,NCP,56343.0,104085.0,376639,187835,188802,2,Normal,216771.0,74.00805458294698,48.01610916589396,49.87136223280117,50.128106754743925,0.0005310124548971,-0.2567445219427569,Large,2.0
194,Dhaka,Gazipur-1,1.8,50.8,Md. Mojibur Rahman,BNP,208688.0,Md. Shah Alam Bakshi,Jamaat,149553.0,59135.0,720939,360234,360693,12,Normal,358241.0,58.25352207033813,16.50704414067625,49.96733426822519,50.0310012358882,0.0016644958866145,-0.0636669676630106,Moderate,0.0
195,Dhaka,Gazipur-2,1.8,50.8,M. Manjurul Karim Roni,BNP,188606.0,Ali Nacher Khan,NCP,140950.0,47656.0,804333,400402,403918,13,Normal,329556.0,57.23033414654869,14.460668293097378,49.78062568612751,50.21775806786493,0.0016162460075615,-0.4371323817374204,Close,0.0
196,Dhaka,Gazipur-3,1.8,50.8,S. M. Rafiqul Islam,BNP,162343.0,Muhammad Ehsanul Haque,BKM,100539.0,61804.0,527360,260191,267162,7,Normal,262882.0,61.75508403009715,23.51016806019431,49.3384026092233,50.660270024271846,0.0013273665048543,-1.321867415048544,Moderate,0.0
197,Dhaka,Gazipur-4,1.8,50.8,Salahuddin Aiyubi,Jamaat,101779.0,Shah Riazul Hannan,BNP,90390.0,11389.0,330977,164429,166548,0,Normal,192169.0,52.96327711545567,5.926554230911333,49.679887122065885,50.32011287793412,0.0,-0.6402257558682365,Close,0.0
198,Dhaka,Gazipur-5,1.8,50.8,AKM Fazlul Haque Milon,BNP,133869.0,Md. Khairul Hasan,Jamaat,78123.0,55746.0,312930,158337,154593,0,Normal,211992.0,63.14813766557229,26.29627533114457,50.59821685360944,49.40178314639056,0.0,1.1964337072188729,Moderate,0.0
199,Dhaka,Narsingdi-1,43.7,50.8,Khairul Kabir Khokon,BNP,161405.0,Md. Ibrahim Bhuiyan,Jamaat,95349.0,66056.0,477209,243945,233252,12,Normal,256754.0,62.86367495735218,25.727349914704345,51.11911133277034,48.87837404575354,0.0025146214761247,2.240737287016799,Moderate,1.0
200,Dhaka,Narsingdi-2,43.7,50.8,Abdul Moyeen Khan,BNP,92739.0,Md. Amjad Hossain,Jamaat,55920.0,36819.0,286218,145235,140978,5,Normal,148659.0,62.38371037071418,24.76742074142837,50.74279046041829,49.255462619402,0.0017469201797231,1.4873278410162882,Moderate,1.0
201,Dhaka,Narsingdi-3,43.7,50.8,Manzoor Elahi,BNP,82061.0,Md. Ariful Islam Mridha,IND,45682.0,36379.0,284248,142947,141300,1,Normal,127743.0,64.23913639103512,28.478272782070253,50.28953589822972,49.71011229630464,0.0003518054656497,0.579423601925086,Moderate,1.0
202,Dhaka,Narsingdi-4,43.7,50.8,Sardar Shakhawat Hossain Bokul,BNP,163392.0,Md. Jahangir Alam,Jamaat,78744.0,84648.0,428954,212677,216274,3,Normal,242136.0,67.47943304589157,34.95886609178313,49.5803745856199,50.41892603868946,0.0006993756906334,-0.838551453069563,Large,2.0
203,Dhaka,Narsingdi-5,43.7,50.8,Md. Ashraf Uddin,BNP,137690.0,Tajul Islam,BKM,44981.0,92709.0,494650,255570,239065,15,Normal,182671.0,75.37594911069628,50.75189822139256,51.66683513595471,48.33013241686041,0.0030324471848781,3.336702719094305,Very Large,2.0
204,Dhaka,Narayanganj-1,13.7,50.8,Mustafizur Rahman Bhuiyan,BNP,158358.0,Md. Anwar Hossain Molla,Jamaat,91690.0,66668.0,408829,207849,200977,3,Normal,250048.0,63.33104044023548,26.662080880470956,50.84008228379102,49.15918391307857,0.0007338031304041,1.6808983707124483,Moderate,0.0
205,Dhaka,Narayanganj-2,13.7,50.8,Md. Nazrul Islam Azad,BNP,124291.0,Md Ilyach Molla,Jamaat,81054.0,43237.0,364098,187801,176292,5,Normal,205345.0,60.52789208405367,21.05578416810733,51.579794450944526,48.41883229240479,0.0013732566506819,3.160962158539739,Moderate,0.0
206,Dhaka,Narayanganj-3,13.7,50.8,Azharul Islam Mannan,BNP,155400.0,Md. Iqbal Hossain Bhuiyan,Jamaat,134918.0,20482.0,593348,302290,291055,3,Normal,290318.0,53.52751121184356,7.055022423687129,50.946493457465095,49.05300093705549,0.0005056054794151,1.8934925204096016,Close,0.0
207,Dhaka,Narayanganj-4,13.7,50.8,Abdullah Al Amin,NCP,106171.0,Monir Hossain,JUIB,80619.0,25552.0,540783,273715,267062,6,Normal,186790.0,56.83976658279352,13.679533165587024,50.61457183380394,49.384318663863326,0.0011095023327286,1.2302531699406174,Close,0.0
208,Dhaka,Narayanganj-5,13.7,50.8,Abul Kalam,BNP,114799.0,ABM Sirajul Mamun,BKM,101196.0,13603.0,485288,243768,241512,8,Normal,215995.0,53.14891548415473,6.297830968309452,50.23161504096536,49.76673645340499,0.0016485056296467,0.4648785875603707,Close,0.0
209,Dhaka,Rajbari-1,27.8,50.8,Ali Newaz Mahmud Khayyam,BNP,154541.0,Md. Nurul Islam,Jamaat,101092.0,53449.0,430216,216150,214058,8,Normal,255633.0,60.4542449527252,20.90848990545039,50.24220391617234,49.75593655280138,0.0018595310262751,0.4862673633709633,Moderate,1.0
210,Dhaka,Rajbari-2,27.8,50.8,Md. Haroon-or-Rashid,BNP,237254.0,Jamil Hijazi,NCP,67299.0,169955.0,559696,285544,274146,6,Normal,304553.0,77.9023683890817,55.80473677816341,51.01769532031675,48.98123266916326,0.0010720105199965,2.036462651153485,Very Large,2.0
211,Dhaka,Faridpur-1,27.0,50.8,Md. Elias Molla,Jamaat,154145.0,Khandokar Nasirul Islam,BNP,126476.0,27669.0,510540,259335,251204,1,Normal,280621.0,54.92995891255465,9.859917825109312,50.796215771536026,49.203588357425474,0.0001958710385082,1.5926274141105523,Close,1.0
212,Dhaka,Faridpur-2,27.0,50.8,Shama Obaed,BNP,121694.0,Md. Akram Ali,BKM,89305.0,32389.0,332041,172904,159137,0,Normal,210999.0,57.67515485855383,15.350309717107663,52.07308735969354,47.92691264030647,0.0,4.146174719387069,Moderate,0.0
213,Dhaka,Faridpur-3,27.0,50.8,Nayab Yusuf Ahmed,BNP,148545.0,Md. Abdul Tawab,Jamaat,124115.0,24430.0,432628,216022,216600,6,Normal,272660.0,54.47993838480159,8.959876769603168,49.9325055243766,50.06610760283662,0.0013868727867821,-0.1336020784600151,Close,1.0
214,Dhaka,Faridpur-4,27.0,50.8,Md. Shahidul Islam,BNP,127443.0,Md. Sarwar Hossain,Jamaat,75805.0,51638.0,496706,254655,242050,1,Normal,203248.0,62.70320003148863,25.406400062977248,51.26875858153516,48.73104009212693,0.0002013263379141,2.537718489408228,Moderate,0.0
215,Dhaka,Gopalganj-1,25.7,50.8,Md. Selimuzzaman Molya,BNP,69462.0,Md. Kabir Miya,GOP,54329.0,15133.0,399510,202816,196694,0,Normal,123791.0,56.11231834301363,12.224636686027257,50.76618858101174,49.23381141898826,0.0,1.5323771620234794,Close,1.0
216,Dhaka,Gopalganj-2,25.7,50.8,KM Babar,BNP,40048.0,M. H. Khan Manju,IND,33039.0,7009.0,384326,194060,190262,4,Normal,73087.0,54.79497037776896,9.58994075553792,50.49359137815293,49.505367838761885,0.0010407830851932,0.9882235393910436,Close,1.0
217,Dhaka,Gopalganj-3,25.7,50.8,S. M. Jilani,BNP,60166.0,Gobinda Chandra Pramanik,IND,33867.0,26299.0,308784,158403,150380,1,Normal,94033.0,63.98392053853434,27.96784107706869,51.29896626768227,48.700709881341005,0.0003238509767345,2.598256386341262,Moderate,2.0
218,Dhaka,Madaripur-1,54.4,50.8,Syed Uddin Ahmad Hanzala,BKM,64909.0,Nadira Akhter,BNP,64524.0,385.0,324289,169041,155246,2,Normal,129433.0,50.14872559548184,0.2974511909636645,52.12665246123057,47.87273080493017,0.0006167338392606,4.253921656300399,Very Close,1.0
219,Dhaka,Madaripur-2,54.4,50.8,Md. Jahandar Ali Mia,BNP,61744.0,Milton Baiddo,IND,46476.0,15268.0,436233,223624,212601,8,Normal,108220.0,57.05414895583072,14.10829791166143,51.26251338161028,48.73565273603785,0.0018338823518624,2.526860645572434,Close,1.0
220,Dhaka,Madaripur-3,54.4,50.8,Anishur Rahman,BNP,96188.0,Md. Rafiqul Islam,Jamaat,84646.0,11542.0,387806,202645,185159,2,Normal,180834.0,53.19132464027783,6.382649280555648,52.25421989345188,47.745264384769705,0.0005157217784149,4.5089555086821775,Close,1.0
221,Dhaka,Shariatpur-1,27.1,50.8,Saeed Ahmed,BNP,77398.0,Jalaluddin Ahmad,BKM,62717.0,14681.0,395476,207730,187736,10,Normal,140115.0,55.23891089462227,10.47782178924455,52.52657556969324,47.47089583185832,0.0025285984484519,5.055679737834922,Close,0.0
222,Dhaka,Shariatpur-2,27.1,50.8,Md. Safiqur Rahman Kiran,BNP,129814.0,Mahmud Hossain,Jamaat,70892.0,58922.0,415135,215993,199140,2,Normal,200706.0,64.6786842446165,29.35736848923301,52.02958073879581,47.96993749021403,0.0004817709901598,4.059643248581779,Moderate,2.0
223,Dhaka,Shariatpur-3,27.1,50.8,Mia Nuruddin Ahmed Apu,BNP,107516.0,Muhammad Azharul Islam,Jamaat,69684.0,37832.0,340142,174068,166072,2,Normal,177200.0,60.67494356659142,21.349887133182843,51.17509745929642,48.82431455098165,0.0005879897219396,2.3507829083147627,Moderate,0.0
224,Sylhet,Sunamganj-1,27.2,40.8,Kamruzzaman Kamrul,BNP,161774.0,Tofail Ahmed,Jamaat,92966.0,68808.0,501556,256186,245360,10,Normal,254740.0,63.50553505535055,27.01107011070111,51.078244503106326,48.91976170158467,0.0019937953089983,2.1584828015216573,Moderate,1.0
225,Sylhet,Sunamganj-2,27.2,40.8,Md. Nasir Chowdhury,BNP,99522.0,Mohammad Shishir Monir,Jamaat,63220.0,36302.0,306052,154652,151399,1,Normal,162742.0,61.153236411006375,22.30647282201276,50.53128226575876,49.46839099238038,0.0003267418608602,1.0628912733783835,Moderate,1.0
226,Sylhet,Sunamganj-3,27.2,40.8,Mohammad Kaisar Ahmed,BNP,97313.0,Md. Anwar Hossain,IND,42226.0,55087.0,373016,189243,183767,6,Normal,139539.0,69.7389260350153,39.4778520700306,50.73321251635319,49.2651789735561,0.0016085100907199,1.4680335427970943,Large,2.0
227,Sylhet,Sunamganj-4,27.2,40.8,Nurul Islam,BNP,98092.0,Md. Shams Uddin,Jamaat,75735.0,22357.0,372185,189359,182813,13,Normal,173827.0,56.43081914777336,12.86163829554672,50.87765492967207,49.11885218372584,0.003492886602093,1.758802745946234,Close,1.0
228,Sylhet,Sunamganj-5,27.2,40.8,Kalim Uddin Ahmed,BNP,151915.0,Abu Tahir Muhammad Abdus Salam,Jamaat,102121.0,49794.0,527458,270620,256836,2,Normal,254036.0,59.80057944543293,19.60115889086586,51.30645473194074,48.69316609094942,0.0003791771098362,2.613288640991321,Moderate,1.0
229,Sylhet,Sylhet-1,16.0,40.8,Khandakar Abdul Muktadir,BNP,176936.0,Maulana Habibur Rahman,Jamaat,134983.0,41953.0,680946,353186,327747,13,Normal,311919.0,56.72498308855825,13.449966177116496,51.8669615505488,48.13112934065256,0.0019091087986418,3.7358322098962304,Close,1.0
230,Sylhet,Sylhet-2,16.0,40.8,Tahsina Rushdir Luna,BNP,116697.0,Muhammad Muntasir Ali,KM,37446.0,79251.0,368932,188679,180253,0,Normal,154143.0,75.70697339483466,51.41394678966933,51.14194485704683,48.85805514295317,0.0,2.283889714093661,Very Large,2.0
231,Sylhet,Sylhet-3,16.0,40.8,Mohammad Abdul Malik,BNP,114255.0,Musleh Uddin Raju,BKM,73614.0,40641.0,416000,211709,204289,2,Normal,187869.0,60.81631349504176,21.63262699008352,50.89158653846154,49.10793269230769,0.0004807692307692,1.7836538461538467,Moderate,1.0
232,Sylhet,Sylhet-4,16.0,40.8,Ariful Haque Chowdhury,BNP,186846.0,Md Zainal Abedin,Jamaat,71391.0,115455.0,512933,267130,245802,1,Normal,258237.0,72.35446508439921,44.708930168798425,52.07892648747497,47.9208785552889,0.0001949572361302,4.158047932186072,Large,2.0
233,Sylhet,Sylhet-5,16.0,40.8,Mohammad Abul Hasan,KM,79355.0,Ubaidullah Faruk,JUIB,69774.0,9581.0,428748,221357,207391,0,Normal,149129.0,53.21231953543576,6.424639070871526,51.62869564406132,48.37130435593869,0.0,3.2573912881226263,Close,1.0
234,Sylhet,Sylhet-6,16.0,40.8,Emran Ahmed Chowdhury,BNP,70794.0,Mohammad Selim Uddin,Jamaat,55923.0,14871.0,509093,256938,252155,0,Normal,126717.0,55.86779990056583,11.735599801131656,50.46975699921232,49.53024300078768,0.0,0.939513998424644,Close,1.0
235,Sylhet,Moulvibazar-1,20.4,40.8,Nasir Uddin Ahmed,BNP,98282.0,Mohammad Aminul Islam,Jamaat,83013.0,15269.0,337816,172998,164816,2,Normal,181295.0,54.21109241843405,8.422184836868087,51.21071826082838,48.78868970090227,0.0005920382693537,2.422028559926112,Close,1.0
236,Sylhet,Moulvibazar-2,20.4,40.8,Shawkat Hossain Saku,BNP,88381.0,Md. Syed Ali,Jamaat,53458.0,34923.0,303020,157128,145892,0,Normal,141839.0,62.31078899315421,24.62157798630842,51.85400303610322,48.14599696389677,0.0,3.708006072206452,Moderate,1.0
237,Sylhet,Moulvibazar-3,20.4,40.8,Nasser Rahman,BNP,156757.0,Md. Abdul Mannan,Jamaat,77636.0,79121.0,486212,248109,238099,4,Normal,234393.0,66.87785044775228,33.75570089550456,51.02897501501402,48.97020229858581,0.0008226864001711,2.058772716428216,Large,2.0
238,Sylhet,Moulvibazar-4,20.4,40.8,Md. Mujibur Rahman Chowdhury,BNP,170877.0,Sheikh Noor-e-Alam Hamidi,BKM,50204.0,120673.0,487892,246202,241688,2,Normal,221081.0,77.29158091378274,54.58316182756546,50.462397415821535,49.53719265739139,0.0004099267870758,0.925204758430148,Very Large,2.0
239,Sylhet,Habiganj-1,10.9,40.8,Reza Kibria,BNP,111999.0,Maulana Sirajul Islam,BKM,56132.0,55867.0,466921,236576,230340,5,Normal,168131.0,66.61412826902831,33.228256538056634,50.66724349515228,49.3316856598868,0.0010708449609248,1.335557835265483,Large,2.0
240,Sylhet,Habiganj-2,10.9,40.8,Abu Mansoor Sakhawat Hasan,BNP,126583.0,Abdul Basit Azad,BKM,65762.0,60821.0,394756,200162,194590,4,Normal,192345.0,65.81039278379994,31.620785567599885,50.70524577207186,49.29374094377286,0.0010132841552756,1.4115048282990017,Large,2.0
241,Sylhet,Habiganj-3,10.9,40.8,G. K. Gouse,BNP,142348.0,Qazi Mohsin Ahmad,Jamaat,45568.0,96780.0,419573,213298,206262,13,Normal,187916.0,75.75086740884225,51.50173481768449,50.836922299576,49.15997931230084,0.0030983881231633,1.6769429872751545,Very Large,2.0
242,Sylhet,Habiganj-4,10.9,40.8,S. M. Faisal,BNP,188072.0,Md Ghiyas Uddin,BIF,84323.0,103749.0,552711,278660,274049,2,Normal,272395.0,69.04385175939353,38.08770351878706,50.416944840974764,49.58269330626675,0.000361852758494,0.8342515347080166,Large,2.0
243,Chittagong,Brahmanbaria-1,20.2,51.0,M. A. Hannan,BNP,68092.0,A. K. M. Aminul Islam,Jamaat,35220.0,32872.0,275629,146269,129357,3,Normal,103312.0,65.9090909090909,31.818181818181817,53.06734777545179,46.93156380496972,0.0010884195784913,6.135783970482073,Large,2.0
244,Chittagong,Brahmanbaria-2,20.2,51.0,Rumeen Farhana,IND,118547.0,Mohammad Junaid Al Habib,JUIB,80434.0,38113.0,499448,265245,234201,2,Normal,198981.0,59.57704504450175,19.15409008900347,53.107630824430174,46.89196873348177,0.0004004420880652,6.215662090948406,Moderate,0.0
245,Chittagong,Brahmanbaria-3,20.2,51.0,Md. Khaled Hossain Mahbub,BNP,209636.0,Md. Ataullah,NCP,62547.0,147089.0,624601,328182,296419,0,Normal,272183.0,77.0202400590779,54.0404801181558,52.54266323621,47.45733676379,0.0,5.085326472419993,Very Large,2.0
246,Chittagong,Brahmanbaria-4,20.2,51.0,Mushfiqur Rahman,BNP,139842.0,Md. Ataur Rahman Sarkar,Jamaat,91796.0,48046.0,443909,230647,213256,6,Normal,231638.0,60.37092359630113,20.74184719260225,51.95817160724383,48.04047676438189,0.0013516283742839,3.917694842861934,Moderate,0.0
247,Chittagong,Brahmanbaria-5,20.2,51.0,Md. Abdul Mannan,BNP,85769.0,Kazi Nazmul Hossain,IND,84708.0,1061.0,474826,248737,226085,4,Normal,170477.0,50.311185673140656,0.6223713462813165,52.38487361686176,47.6142839692856,0.0008424138526533,4.770589647576166,Very Close,0.0
248,Chittagong,Brahmanbaria-6,20.2,51.0,Zonayed Saki,GSA,95342.0,Md. Mohsin,Jamaat,39976.0,55366.0,289674,147260,142413,1,Normal,135318.0,70.45773659084527,40.91547318169054,50.83645753502213,49.16319724932165,0.0003452156562204,1.6732602857004792,Large,2.0
249,Chittagong,Comilla-1,13.4,51.0,Khandkar Mosharraf Hossain,BNP,141440.0,Md. Moniruzzaman,Jamaat,94845.0,46595.0,438616,225088,213528,0,Normal,236285.0,59.8599149332374,19.719829866474807,51.317781385084,48.682218614916,0.0,2.6355627701679936,Moderate,0.0
250,Chittagong,Comilla-2,13.4,51.0,Md. Abdul Mannan,BNP,77037.0,Md. Abdul Matin,IND,63045.0,13992.0,375067,196119,178947,1,Normal,140082.0,54.99421767250611,9.988435345012208,52.28905768835968,47.71067569260959,0.0002666190307331,4.578381995750085,Close,0.0
251,Chittagong,Comilla-3,13.4,51.0,Kazi Shah Mofazzal Hossain Kaikobad,BNP,159291.0,Md. Yusuf Sohail,Jamaat,109599.0,49692.0,500726,258905,241817,4,Normal,268890.0,59.24020975119938,18.48041950239875,51.70592299980429,48.29327816011152,0.0007988400841977,3.412644839692767,Moderate,0.0
252,Chittagong,Comilla-4,13.4,51.0,Hasnat Abdullah,NCP,166583.0,Md. Jasim Uddin,GOP,49885.0,116698.0,410559,215237,195319,3,Normal,216468.0,76.95502337527948,53.91004675055897,52.42535177648036,47.57391751246472,0.0007307110549275,4.851434264015637,Very Large,2.0
253,Chittagong,Comilla-5,13.4,51.0,Md. Jashim Uddin,BNP,134485.0,Mubarak Hossain,Jamaat,124587.0,9898.0,476172,247155,229017,0,Normal,259072.0,51.91027976778656,3.8205595355731226,51.9045638970792,48.09543610292079,0.0,3.809127794158407,Very Close,0.0
254,Chittagong,Comilla-6,13.4,51.0,Monirul Haq Chowdhury,BNP,201706.0,Qazi Deen Mohammad,Jamaat,119851.0,81855.0,644777,324195,320575,7,Normal,321557.0,62.72791449105446,25.45582898210893,50.28017438587295,49.718739967461616,0.0010856466654362,0.5614344184113307,Moderate,0.0
255,Chittagong,Comilla-7,13.4,51.0,Atikul Alam Shawon,IND,91690.0,Redwan Ahmed,BNP,48509.0,43181.0,329166,169361,159799,6,Normal,140199.0,65.39989586231,30.799791724620007,51.45154724363999,48.54662996785816,0.0018227885018501,2.904917275781827,Large,2.0
256,Chittagong,Comilla-8,13.4,51.0,Zakaria Taher Sumon,BNP,169178.0,Md. Shafiqul Alam Helal,Jamaat,45091.0,124087.0,380833,196098,184732,3,Normal,214269.0,78.95589189290098,57.911783785801966,51.49186126202299,48.50735099111685,0.0007877468601723,2.984510270906142,Very Large,2.0
257,Chittagong,Comilla-9,13.4,51.0,Md. Abul Kalam,BNP,170008.0,AKM Sarwar Uddin Siddiqui,Jamaat,118961.0,51047.0,478535,247765,230769,1,Normal,288969.0,58.83260834207129,17.66521668414259,51.77573218259898,48.22405884627039,0.0002089711306383,3.551673336328591,Moderate,0.0
258,Chittagong,Comilla-10,13.4,51.0,Md. Mobaswer Alam Bhuiyan,BNP,163667.0,Mohammad Ibrahim Abrar,Jamaat,123733.0,39934.0,536227,276647,259579,1,Normal,287400.0,56.94745998608212,13.89491997216423,51.59139692704768,48.40841658476728,0.000186488185041,3.182980342280409,Close,0.0
259,Chittagong,Comilla-11,13.4,51.0,Syed Abdullah Muhammad Taher,Jamaat,133308.0,Md. Kamrul Huda,BNP,76638.0,56670.0,421632,216923,204705,4,Normal,209946.0,63.49632762710411,26.992655254208227,51.44841947480268,48.55063183060109,0.0009486945962355,2.897787644201585,Moderate,0.0
260,Chittagong,Chandpur-1,24.6,51.0,A. N. M. Ehsanul Hoque Milan,BNP,133032.0,Abu Nashar Maqbool Ahmad,Jamaat,70368.0,62664.0,356485,184802,171680,3,Normal,203400.0,65.40412979351032,30.808259587020647,51.84004937094128,48.15910907892338,0.0008415501353493,3.680940292017901,Large,2.0
261,Chittagong,Chandpur-2,24.6,51.0,Md. Jalal Uddin,BNP,172506.0,Md. Bilal Hossain,LDP,57473.0,115033.0,501061,256500,244559,2,Normal,229979.0,75.00945738523951,50.01891477047904,51.1913719088095,48.80822893819315,0.0003991529973396,2.383142970616348,Very Large,2.0
262,Chittagong,Chandpur-3,24.6,51.0,Sheikh Farid Ahmed,BNP,165404.0,Md. Shahjahan Mia,Jamaat,100865.0,64539.0,546334,282704,263628,2,Normal,266269.0,62.11913516030781,24.23827032061562,51.74563545377004,48.25399846980052,0.0003660764294369,3.4916369839695136,Moderate,0.0
263,Chittagong,Chandpur-4,24.6,51.0,Md. Abdul Hannan,IND,74175.0,Md. Harunur Rashid,BNP,69155.0,5020.0,400631,208603,192027,1,Normal,143330.0,51.751203516360846,3.502407032721691,52.06861176494081,47.931138628813045,0.0002496062461467,4.137473136127767,Very Close,0.0
264,Chittagong,Chandpur-5,24.6,51.0,Md. Mominul Haque,BNP,185404.0,Md. Neyamul Bashir,LDP,75660.0,109744.0,526679,269243,257433,3,Normal,261064.0,71.01860080286826,42.03720160573653,51.12089147279463,48.87853892029111,0.0005696069142684,2.242352552503519,Large,2.0
265,Chittagong,Feni-1,10.5,51.0,Rafiqul Alam Majnu,BNP,119904.0,SM Kamaluddin,Jamaat,85615.0,34289.0,385652,198759,186890,3,Normal,205519.0,58.34205109989831,16.684102199796612,51.53843361372429,48.46078848288094,0.0007779033947704,3.077645130843344,Moderate,0.0
266,Chittagong,Feni-2,10.5,51.0,Joynal Abedin,BNP,131210.0,Mojibur Rahman Bhuiyan Monju,ABP,80058.0,51152.0,437078,225881,211194,3,Normal,211268.0,62.10595073555862,24.21190147111725,51.67979170765859,48.31952191599669,0.0006863763447256,3.3602697916618998,Moderate,0.0
267,Chittagong,Feni-3,10.5,51.0,Abdul Awal Mintoo,BNP,157425.0,Mohammad Fakhruddin,Jamaat,108160.0,49265.0,508194,263227,244965,2,Normal,265585.0,59.27480844174181,18.54961688348363,51.79655800737514,48.20304844213037,0.0003935504944961,3.593509565244773,Moderate,0.0
268,Chittagong,Noakhali-1,6.1,51.0,Mahbub Uddin Khokon,BNP,126833.0,Md. Saif Ullah,Jamaat,98036.0,28797.0,452425,233711,218714,0,Normal,224869.0,56.40306133793453,12.80612267586906,51.65740177930044,48.34259822069957,0.0,3.314803558600872,Close,0.0
269,Chittagong,Noakhali-2,6.1,51.0,Zainul Abdin Farroque,BNP,83982.0,Sultan Muhammad Zakaria Majumdar,NCP,67054.0,16928.0,360081,186305,173775,1,Normal,151036.0,55.60396196933182,11.20792393866363,51.7397474457136,48.25997483899456,0.0002777152918371,3.4797726067190453,Close,0.0
270,Chittagong,Noakhali-3,6.1,51.0,Barkat Ullah Bulu,BNP,141031.0,Md. Borhan Uddin,Jamaat,123941.0,17090.0,511759,269886,241865,8,Normal,264972.0,53.224869042766784,6.449738085533566,52.7369328140785,47.26150395010151,0.0015632358199855,5.475428863976987,Close,0.0
271,Chittagong,Noakhali-4,6.1,51.0,Md. Shahjahan,BNP,219182.0,Md. Ishaq Khandkar,Jamaat,148989.0,70193.0,700339,366659,333677,3,Normal,368171.0,59.53266281157397,19.065325623147935,52.35450260516693,47.645069030855055,0.0004283639780163,4.709433574311873,Moderate,0.0
272,Chittagong,Noakhali-5,6.1,51.0,Mohammad Fakhrul Islam,BNP,147808.0,Mohammad Belayet Hossain,Jamaat,120453.0,27355.0,503851,261779,242072,0,Normal,268261.0,55.09857936859999,10.197158737199963,51.95563767859943,48.04436232140058,0.0,3.911275357198853,Close,0.0
273,Chittagong,Noakhali-6,6.1,51.0,Abdul Hannan Masud,NCP,91899.0,Mohammad Mahbuber Rahman,BNP,64021.0,27878.0,339185,178309,160874,2,Normal,155920.0,58.939840944073886,17.87968188814777,52.56983651989328,47.429573831389945,0.0005896487167769,5.140262688503334,Moderate,0.0
274,Chittagong,Lakshmipur-1,15.6,51.0,Md. Shahadat Hossain,BNP,86811.0,Md. Mahbub Alam,NCP,59265.0,27546.0,281302,144658,136644,0,Normal,146076.0,59.42865357758975,18.85730715517949,51.42444774654997,48.57555225345003,0.0,2.848895493099945,Moderate,0.0
275,Chittagong,Lakshmipur-2,15.6,51.0,Md. Abul Khair Bhuiyan,BNP,146321.0,S. U. M. Ruhul Amin Bhuiyan,Jamaat,133698.0,12623.0,493970,254407,239558,5,Normal,280019.0,52.25395419596527,4.507908391930548,51.50252039597546,48.49646739680548,0.0010122072190618,3.006052999169981,Very Close,0.0
276,Chittagong,Lakshmipur-3,15.6,51.0,Shahid Uddin Chowdhury Anee,BNP,135612.0,Md. Rezaul Karim,Jamaat,122802.0,12810.0,444472,229709,214758,5,Normal,258414.0,52.47858088184076,4.957161763681534,51.68132075811299,48.31755431163268,0.0011249302543242,3.3637664464803123,Very Close,0.0
277,Chittagong,Lakshmipur-4,15.6,51.0,A. B. M. Ashraf Uddin Nijan,BNP,115199.0,Md. Ashraful Rahman Hafizulya,Jamaat,73756.0,41443.0,418160,218483,199676,1,Normal,188955.0,60.96636765367416,21.93273530734831,52.2486607996939,47.7511000573943,0.000239142911804,4.497560742299605,Moderate,0.0
278,Chittagong,Chittagong-1,12.0,51.0,Nurul Amin,BNP,128799.0,Mohammad Shaifur Rahman,Jamaat,84538.0,44261.0,386674,199859,186811,4,Normal,213337.0,60.37349358057909,20.746987161158167,51.686692148942,48.3122733879185,0.0010344631394921,3.374418761023499,Moderate,0.0
279,Chittagong,Chittagong-2,12.0,51.0,Sarwar Alamgi,BNP,138545.0,Mohammad Nurul Amin,Jamaat,62160.0,76385.0,488465,259197,229267,1,Normal,200705.0,69.02917216810742,38.05834433621485,53.06357671481068,46.93621856223066,0.0002047229586561,6.127358152580015,Large,2.0
280,Chittagong,Chittagong-3,12.0,51.0,Mostafa Kamal Pasha,BNP,72519.0,Mohammad Alauddin Sikder,Jamaat,36818.0,35701.0,260485,134720,125763,2,Normal,109337.0,66.3261293066391,32.652258613278214,51.71890895828935,48.28032324318099,0.0007677985296658,3.43858571510836,Large,2.0
281,Chittagong,Chittagong-4,12.0,51.0,Aslam Chawdhury,BNP,142674.0,Anwar Siddiqui Chawdhury,Jamaat,89268.0,53406.0,448380,235352,213016,12,Normal,231942.0,61.51279199110122,23.02558398220245,52.48940630715019,47.50791739149828,0.0026763013515321,4.981488915651909,Moderate,0.0
282,Chittagong,Chittagong-5,12.0,51.0,Mir Mohammad Helal Uddin,BNP,147054.0,Md. Nasir Uddin,BKM,46589.0,100465.0,501916,260903,241012,1,Normal,193643.0,75.94077761654178,51.88155523308357,51.98140724742786,48.01839351604651,0.0001992365256337,3.963013731381352,Very Large,2.0
283,Chittagong,Chittagong-6,12.0,51.0,Giasuddin Quader Chowdhury,BNP,111201.0,Mohammad Ilias Nuri,BIF,26696.0,84505.0,339988,178971,161017,0,Normal,137897.0,80.64062307374344,61.28124614748689,52.64038730778733,47.35961269221266,0.0,5.280774615574664,Very Large,2.0
284,Chittagong,Chittagong-7,12.0,51.0,Humam Quader Chowdhury,BNP,101445.0,ATM Rezaul Karim,Jamaat,41719.0,59726.0,319008,167531,151476,1,Normal,143164.0,70.85929423598111,41.71858847196223,52.51623783729562,47.48344869094192,0.0003134717624636,5.0327891463537,Large,2.0
285,Chittagong,Chittagong-8,12.0,51.0,Ershad Ullah,BNP,152969.0,Md. Abu Nasser,Jamaat,53564.0,99405.0,554729,282606,272122,1,Normal,206533.0,74.06516149961507,48.13032299923015,50.9448757861947,49.05494394560227,0.0001802682030324,1.889931840592432,Large,2.0
286,Chittagong,Chittagong-9,12.0,51.0,Mohammad Abu Sufian,BNP,109388.0,Dr. AKM Fazlul Haque,Jamaat,53807.0,55581.0,397476,202689,194778,9,Normal,163195.0,67.02901436931279,34.05802873862557,50.99402228059052,49.00371343175437,0.0022642876551037,1.9903088488361504,Large,2.0
287,Chittagong,Chittagong-10,12.0,51.0,Sayeed Al Noman,BNP,122978.0,Muhammad Shamsuzzaman Helaly,Jamaat,76919.0,46059.0,492444,249784,242631,29,Normal,199897.0,61.52068315182319,23.041366303646377,50.723330977735536,49.27078002777981,0.005888994484652,1.4525509499557288,Moderate,0.0
288,Chittagong,Chittagong-11,12.0,51.0,Amir Khasru Mahmud Chowdhury,BNP,115999.0,Mohammad Shafiul Alam,Jamaat,76681.0,39318.0,495278,252333,242942,3,Normal,192680.0,60.202927133070375,20.405854266140757,50.94775055625325,49.05164372332306,0.0006057204236812,1.8961068329301936,Moderate,0.0
289,Chittagong,Chittagong-12,12.0,51.0,Mohammad Enamul Haque,BNP,135044.0,Syed Air Mohammad Payaru,BIF,28999.0,106045.0,352695,184254,168440,1,Normal,164043.0,82.32231792883573,64.64463585767146,52.24173861268234,47.75797785622138,0.0002835310962729,4.48376075646096,Very Large,2.0
290,Chittagong,Chittagong-13,12.0,51.0,Sarwar Jamal Nizam,BNP,126192.0,S. M. Shah Jahan,BIF,51450.0,74742.0,395246,207714,187532,0,Normal,177642.0,71.03725470327963,42.07450940655926,52.55309351644293,47.44690648355708,0.0,5.106187032885849,Large,2.0
291,Chittagong,Chittagong-14,12.0,51.0,Jashim Uddin Ahammed,BNP,76493.0,Omar Farooq,LDP,75467.0,1026.0,313513,165847,147665,1,Normal,151960.0,50.3375888391682,0.6751776783364043,52.89956078376336,47.100120250196966,0.0003189660396857,5.79944053356639,Very Close,0.0
292,Chittagong,Chittagong-15,12.0,51.0,Shajahan Chowdhury,Jamaat,172061.0,Nazmul Mustafa Amin,BNP,127025.0,45036.0,506059,270915,235144,0,Normal,299086.0,57.52893816494253,15.057876329885053,53.53427169559281,46.46572830440719,0.0,7.068543391185614,Moderate,0.0
293,Chittagong,Chittagong-16,12.0,51.0,Mohammad Zahirul Islam,Jamaat,93167.0,Miskatul Islam Chowdhury,BNP,83105.0,10062.0,411274,219982,191287,5,Normal,176272.0,52.85411182717618,5.708223654352365,53.487942345006005,46.51084192047151,0.0012157345224837,6.977100424534491,Close,0.0
294,Chittagong,Cox's Bazar-1,27.8,51.0,Salahuddin Ahmed,BNP,222019.0,Abdullah Al Farooq,Jamaat,129728.0,92291.0,540490,290291,250198,1,Normal,351747.0,63.11894628809912,26.237892576198234,53.708856778108746,46.29095820459213,0.0001850172991174,7.417898573516616,Moderate,0.0
295,Chittagong,Cox's Bazar-2,27.8,51.0,Alamgir Mahfuzullah Farid,BNP,125543.0,A. H. M. Hamidur Rahman Azad,Jamaat,91889.0,33654.0,387851,206453,181398,0,Normal,217432.0,57.73897126457928,15.477942529158542,53.229977491356216,46.77002250864378,0.0,6.459954982712432,Moderate,0.0
296,Chittagong,Cox's Bazar-3,27.8,51.0,Lutfur Rahman Kajal,BNP,182096.0,Shahidul Alam,Jamaat,161827.0,20269.0,545963,291099,254863,1,Normal,343923.0,52.94673517037244,5.893470340744876,53.31844831975793,46.6813685176468,0.0001831625952674,6.637079802111131,Close,0.0
297,Chittagong,Cox's Bazar-4,27.8,51.0,Shahjahan Chowdhury,BNP,122909.0,Noor Ahmad Anwari,Jamaat,121980.0,929.0,375688,192803,182879,6,Normal,244889.0,50.1896777723785,0.3793555447570123,51.31997827984923,48.678424650241695,0.0015970699090734,2.641553629607536,Very Close,0.0
298,Chittagong,Khagrachhari,15.9,51.0,Wadud Bhuiyan,BNP,151040.0,Dharma Jyoti Chakma,IND,68315.0,82725.0,554119,280206,273909,4,Normal,219355.0,68.85641995851473,37.71283991702947,50.56783831631834,49.431439817079,0.0007218666026611,1.136398499239334,Large,2.0
299,Chittagong,Rangamati,14.3,51.0,Dipen Dewan,BNP,201544.0,Pahel Chakma,IND,31222.0,170322.0,509272,263411,245859,2,Normal,232766.0,86.58652896041518,73.17305792083036,51.72304780156772,48.27655948098462,0.0003927174476507,3.4464883205831,Very Large,2.0
300,Chittagong,Bandarban,25.0,51.0,Saching Prue Jerry,BNP,141455.0,Abu Saeed Md. Suja Uddin,NCP,26162.0,115293.0,315422,161775,153647,0,Normal,167617.0,84.39179796798653,68.78359593597308,51.2884326394481,48.711567360551896,0.0,2.576865278896207,Very Large,2.0
